class,framework,seed,f1
Apple__Apple_scab,one_stage,0,0.9142857142857144
Apple__Apple_scab,one_stage,1,0.935483870967742
Apple__Apple_scab,one_stage,42,0.9574468085106383
Apple__Apple_scab,one_stage,123,0.972972972972973
Apple__Apple_scab,one_stage,492,0.9213483146067416
Apple__Apple_scab,two_stage,0,0.9637305699481864
Apple__Apple_scab,two_stage,1,0.9346733668341708
Apple__Apple_scab,two_stage,42,0.9447236180904522
Apple__Apple_scab,two_stage,123,0.9441624365482234
Apple__Apple_scab,two_stage,492,0.953846153846154
Apple__Apple_scab,attention,0,0.96875
Apple__Apple_scab,attention,1,0.9946524064171124
Apple__Apple_scab,attention,42,0.983957219251337
Apple__Apple_scab,attention,123,0.9946524064171124
Apple__Apple_scab,attention,492,0.9893617021276596
Apple__Apple_scab,gating,0,0.9680851063829788
Apple__Apple_scab,gating,1,0.9789473684210528
Apple__Apple_scab,gating,42,0.989247311827957
Apple__Apple_scab,gating,123,0.9789473684210528
Apple__Apple_scab,gating,492,0.9735449735449736
Apple__Apple_scab,ffs,0,0.962566844919786
Apple__Apple_scab,ffs,1,0.9523809523809524
Apple__Apple_scab,ffs,42,0.9385474860335196
Apple__Apple_scab,ffs,123,0.967741935483871
Apple__Apple_scab,ffs,492,0.972972972972973
Apple__Apple_scab,ffc,0,0.972972972972973
Apple__Apple_scab,ffc,1,0.9347826086956522
Apple__Apple_scab,ffc,42,0.9565217391304348
Apple__Apple_scab,ffc,123,0.967391304347826
Apple__Apple_scab,ffc,492,0.9456521739130436
Apple__Apple_scab,film,0,0.9424083769633508
Apple__Apple_scab,film,1,0.967741935483871
Apple__Apple_scab,film,42,0.9574468085106383
Apple__Apple_scab,film,123,0.9513513513513514
Apple__Apple_scab,film,492,0.9574468085106383
Apple__Black_rot,one_stage,0,0.9633507853403142
Apple__Black_rot,one_stage,1,0.962566844919786
Apple__Black_rot,one_stage,42,0.9574468085106383
Apple__Black_rot,one_stage,123,0.9513513513513514
Apple__Black_rot,one_stage,492,0.962566844919786
Apple__Black_rot,two_stage,0,0.946808510638298
Apple__Black_rot,two_stage,1,0.9680851063829788
Apple__Black_rot,two_stage,42,0.9837837837837838
Apple__Black_rot,two_stage,123,0.968421052631579
Apple__Black_rot,two_stage,492,0.9735449735449736
Apple__Black_rot,attention,0,0.9944341372912802
Apple__Black_rot,attention,1,0.9981447124304268
Apple__Black_rot,attention,42,0.992619926199262
Apple__Black_rot,attention,123,0.9981447124304268
Apple__Black_rot,attention,492,0.9925650557620818
Apple__Black_rot,gating,0,0.9832402234636872
Apple__Black_rot,gating,1,0.994413407821229
Apple__Black_rot,gating,42,0.9831144465290806
Apple__Black_rot,gating,123,0.9870609981515712
Apple__Black_rot,gating,492,0.9849624060150376
Apple__Black_rot,ffs,0,0.9581056466302368
Apple__Black_rot,ffs,1,0.9147826086956522
Apple__Black_rot,ffs,42,0.9574861367837338
Apple__Black_rot,ffs,123,0.9273356401384084
Apple__Black_rot,ffs,492,0.9481216457960644
Apple__Black_rot,ffc,0,0.9515260323159784
Apple__Black_rot,ffc,1,0.9285714285714286
Apple__Black_rot,ffc,42,0.9547920433996384
Apple__Black_rot,ffc,123,0.9340463458110516
Apple__Black_rot,ffc,492,0.9330985915492958
Apple__Black_rot,film,0,0.9263157894736842
Apple__Black_rot,film,1,0.9380530973451328
Apple__Black_rot,film,42,0.9447415329768272
Apple__Black_rot,film,123,0.9298245614035088
Apple__Black_rot,film,492,0.9430604982206404
Apple__Cedar_apple_rust,one_stage,0,0.9620253164556962
Apple__Cedar_apple_rust,one_stage,1,0.9629629629629628
Apple__Cedar_apple_rust,one_stage,42,0.9620253164556962
Apple__Cedar_apple_rust,one_stage,123,0.9620253164556962
Apple__Cedar_apple_rust,one_stage,492,0.975609756097561
Apple__Cedar_apple_rust,two_stage,0,0.9761904761904762
Apple__Cedar_apple_rust,two_stage,1,0.9761904761904762
Apple__Cedar_apple_rust,two_stage,42,0.963855421686747
Apple__Cedar_apple_rust,two_stage,123,1.0
Apple__Cedar_apple_rust,two_stage,492,0.9761904761904762
Apple__Cedar_apple_rust,attention,0,1.0
Apple__Cedar_apple_rust,attention,1,1.0
Apple__Cedar_apple_rust,attention,42,0.9879518072289156
Apple__Cedar_apple_rust,attention,123,1.0
Apple__Cedar_apple_rust,attention,492,1.0
Apple__Cedar_apple_rust,gating,0,0.9876543209876544
Apple__Cedar_apple_rust,gating,1,1.0
Apple__Cedar_apple_rust,gating,42,1.0
Apple__Cedar_apple_rust,gating,123,1.0
Apple__Cedar_apple_rust,gating,492,1.0
Apple__Cedar_apple_rust,ffs,0,0.9156626506024096
Apple__Cedar_apple_rust,ffs,1,0.963855421686747
Apple__Cedar_apple_rust,ffs,42,0.9523809523809524
Apple__Cedar_apple_rust,ffs,123,0.9285714285714286
Apple__Cedar_apple_rust,ffs,492,0.95
Apple__Cedar_apple_rust,ffc,0,0.9090909090909092
Apple__Cedar_apple_rust,ffc,1,0.9397590361445785
Apple__Cedar_apple_rust,ffc,42,0.9629629629629628
Apple__Cedar_apple_rust,ffc,123,0.9382716049382716
Apple__Cedar_apple_rust,ffc,492,0.9397590361445785
Apple__Cedar_apple_rust,film,0,0.9285714285714286
Apple__Cedar_apple_rust,film,1,0.9411764705882352
Apple__Cedar_apple_rust,film,42,0.9523809523809524
Apple__Cedar_apple_rust,film,123,0.9382716049382716
Apple__Cedar_apple_rust,film,492,0.9397590361445785
Apple__healthy,one_stage,0,0.968421052631579
Apple__healthy,one_stage,1,0.9554140127388536
Apple__healthy,one_stage,42,0.9576271186440678
Apple__healthy,one_stage,123,0.948936170212766
Apple__healthy,one_stage,492,0.9509594882729212
Apple__healthy,two_stage,0,0.9688149688149688
Apple__healthy,two_stage,1,0.9642105263157896
Apple__healthy,two_stage,42,0.977035490605428
Apple__healthy,two_stage,123,0.9727463312368972
Apple__healthy,two_stage,492,0.9707112970711296
Apple__healthy,attention,0,0.9946435929130614
Apple__healthy,attention,1,0.9975369458128078
Apple__healthy,attention,42,0.995049504950495
Apple__healthy,attention,123,0.9975389663658736
Apple__healthy,attention,492,0.9971252566735112
Apple__healthy,gating,0,0.9908940397350994
Apple__healthy,gating,1,0.9954713874022232
Apple__healthy,gating,42,0.9938042131350682
Apple__healthy,gating,123,0.9950454170107348
Apple__healthy,gating,492,0.9946435929130614
Apple__healthy,ffs,0,0.9599325179249262
Apple__healthy,ffs,1,0.9602344077019672
Apple__healthy,ffs,42,0.9612338474364318
Apple__healthy,ffs,123,0.960337552742616
Apple__healthy,ffs,492,0.9619087484303056
Apple__healthy,ffc,0,0.9643007139857204
Apple__healthy,ffc,1,0.955937893411666
Apple__healthy,ffc,42,0.9681742043551088
Apple__healthy,ffc,123,0.95578231292517
Apple__healthy,ffc,492,0.9545071609098568
Apple__healthy,film,0,0.9643449419568824
Apple__healthy,film,1,0.9507221750212403
Apple__healthy,film,42,0.9612015018773468
Apple__healthy,film,123,0.9611366485582952
Apple__healthy,film,492,0.9630872483221476
Cherry_(including_sour)__Powdery_mildew,one_stage,0,0.9807692307692308
Cherry_(including_sour)__Powdery_mildew,one_stage,1,0.9675324675324676
Cherry_(including_sour)__Powdery_mildew,one_stage,42,0.9871794871794872
Cherry_(including_sour)__Powdery_mildew,one_stage,123,0.9936305732484076
Cherry_(including_sour)__Powdery_mildew,one_stage,492,0.9840255591054312
Cherry_(including_sour)__Powdery_mildew,two_stage,0,1.0
Cherry_(including_sour)__Powdery_mildew,two_stage,1,0.9968253968253968
Cherry_(including_sour)__Powdery_mildew,two_stage,42,1.0
Cherry_(including_sour)__Powdery_mildew,two_stage,123,1.0
Cherry_(including_sour)__Powdery_mildew,two_stage,492,1.0
Cherry_(including_sour)__Powdery_mildew,attention,0,0.9968253968253968
Cherry_(including_sour)__Powdery_mildew,attention,1,0.9968253968253968
Cherry_(including_sour)__Powdery_mildew,attention,42,0.9936708860759492
Cherry_(including_sour)__Powdery_mildew,attention,123,0.9871794871794872
Cherry_(including_sour)__Powdery_mildew,attention,492,0.9968253968253968
Cherry_(including_sour)__Powdery_mildew,gating,0,0.9936305732484076
Cherry_(including_sour)__Powdery_mildew,gating,1,0.9936305732484076
Cherry_(including_sour)__Powdery_mildew,gating,42,0.9904153354632588
Cherry_(including_sour)__Powdery_mildew,gating,123,0.9968253968253968
Cherry_(including_sour)__Powdery_mildew,gating,492,0.9936708860759492
Cherry_(including_sour)__Powdery_mildew,ffs,0,0.9904761904761904
Cherry_(including_sour)__Powdery_mildew,ffs,1,0.9936305732484076
Cherry_(including_sour)__Powdery_mildew,ffs,42,0.9872611464968152
Cherry_(including_sour)__Powdery_mildew,ffs,123,0.9904761904761904
Cherry_(including_sour)__Powdery_mildew,ffs,492,0.9968253968253968
Cherry_(including_sour)__Powdery_mildew,ffc,0,0.9905362776025236
Cherry_(including_sour)__Powdery_mildew,ffc,1,0.9842271293375394
Cherry_(including_sour)__Powdery_mildew,ffc,42,0.9968253968253968
Cherry_(including_sour)__Powdery_mildew,ffc,123,0.9936708860759492
Cherry_(including_sour)__Powdery_mildew,ffc,492,0.984126984126984
Cherry_(including_sour)__Powdery_mildew,film,0,0.9872611464968152
Cherry_(including_sour)__Powdery_mildew,film,1,0.9872611464968152
Cherry_(including_sour)__Powdery_mildew,film,42,0.9807692307692308
Cherry_(including_sour)__Powdery_mildew,film,123,0.9872611464968152
Cherry_(including_sour)__Powdery_mildew,film,492,0.9904153354632588
Cherry_(including_sour)__healthy,one_stage,0,0.9921259842519684
Cherry_(including_sour)__healthy,one_stage,1,1.0
Cherry_(including_sour)__healthy,one_stage,42,0.9961089494163424
Cherry_(including_sour)__healthy,one_stage,123,0.992248062015504
Cherry_(including_sour)__healthy,one_stage,492,0.9921259842519684
Cherry_(including_sour)__healthy,two_stage,0,1.0
Cherry_(including_sour)__healthy,two_stage,1,0.9961089494163424
Cherry_(including_sour)__healthy,two_stage,42,1.0
Cherry_(including_sour)__healthy,two_stage,123,1.0
Cherry_(including_sour)__healthy,two_stage,492,1.0
Cherry_(including_sour)__healthy,attention,0,0.9946435929130614
Cherry_(including_sour)__healthy,attention,1,0.9975369458128078
Cherry_(including_sour)__healthy,attention,42,0.995049504950495
Cherry_(including_sour)__healthy,attention,123,0.9975389663658736
Cherry_(including_sour)__healthy,attention,492,0.9971252566735112
Cherry_(including_sour)__healthy,gating,0,0.9908940397350994
Cherry_(including_sour)__healthy,gating,1,0.9954713874022232
Cherry_(including_sour)__healthy,gating,42,0.9938042131350682
Cherry_(including_sour)__healthy,gating,123,0.9950454170107348
Cherry_(including_sour)__healthy,gating,492,0.9946435929130614
Cherry_(including_sour)__healthy,ffs,0,0.9599325179249262
Cherry_(including_sour)__healthy,ffs,1,0.9602344077019672
Cherry_(including_sour)__healthy,ffs,42,0.9612338474364318
Cherry_(including_sour)__healthy,ffs,123,0.960337552742616
Cherry_(including_sour)__healthy,ffs,492,0.9619087484303056
Cherry_(including_sour)__healthy,ffc,0,0.9643007139857204
Cherry_(including_sour)__healthy,ffc,1,0.955937893411666
Cherry_(including_sour)__healthy,ffc,42,0.9681742043551088
Cherry_(including_sour)__healthy,ffc,123,0.95578231292517
Cherry_(including_sour)__healthy,ffc,492,0.9545071609098568
Cherry_(including_sour)__healthy,film,0,0.9643449419568824
Cherry_(including_sour)__healthy,film,1,0.9507221750212403
Cherry_(including_sour)__healthy,film,42,0.9612015018773468
Cherry_(including_sour)__healthy,film,123,0.9611366485582952
Cherry_(including_sour)__healthy,film,492,0.9630872483221476
Corn_(maize)__Cercospora_leaf_spot Gray_leaf_spot,one_stage,0,0.8831168831168831
Corn_(maize)__Cercospora_leaf_spot Gray_leaf_spot,one_stage,1,0.8489208633093526
Corn_(maize)__Cercospora_leaf_spot Gray_leaf_spot,one_stage,42,0.8689655172413793
Corn_(maize)__Cercospora_leaf_spot Gray_leaf_spot,one_stage,123,0.8085106382978723
Corn_(maize)__Cercospora_leaf_spot Gray_leaf_spot,one_stage,492,0.8717948717948718
Corn_(maize)__Cercospora_leaf_spot Gray_leaf_spot,two_stage,0,0.9056603773584906
Corn_(maize)__Cercospora_leaf_spot Gray_leaf_spot,two_stage,1,0.8571428571428571
Corn_(maize)__Cercospora_leaf_spot Gray_leaf_spot,two_stage,42,0.89171974522293
Corn_(maize)__Cercospora_leaf_spot Gray_leaf_spot,two_stage,123,0.8888888888888888
Corn_(maize)__Cercospora_leaf_spot Gray_leaf_spot,two_stage,492,0.8466257668711656
Corn_(maize)__Cercospora_leaf_spot Gray_leaf_spot,attention,0,0.91156462585034
Corn_(maize)__Cercospora_leaf_spot Gray_leaf_spot,attention,1,0.918918918918919
Corn_(maize)__Cercospora_leaf_spot Gray_leaf_spot,attention,42,0.91156462585034
Corn_(maize)__Cercospora_leaf_spot Gray_leaf_spot,attention,123,0.9041095890410958
Corn_(maize)__Cercospora_leaf_spot Gray_leaf_spot,attention,492,0.918918918918919
Corn_(maize)__Cercospora_leaf_spot Gray_leaf_spot,gating,0,0.9271523178807948
Corn_(maize)__Cercospora_leaf_spot Gray_leaf_spot,gating,1,0.92
Corn_(maize)__Cercospora_leaf_spot Gray_leaf_spot,gating,42,0.9411764705882352
Corn_(maize)__Cercospora_leaf_spot Gray_leaf_spot,gating,123,0.918918918918919
Corn_(maize)__Cercospora_leaf_spot Gray_leaf_spot,gating,492,0.918918918918919
Corn_(maize)__Cercospora_leaf_spot Gray_leaf_spot,ffs,0,0.8888888888888888
Corn_(maize)__Cercospora_leaf_spot Gray_leaf_spot,ffs,1,0.8859060402684564
Corn_(maize)__Cercospora_leaf_spot Gray_leaf_spot,ffs,42,0.8874172185430463
Corn_(maize)__Cercospora_leaf_spot Gray_leaf_spot,ffs,123,0.8648648648648649
Corn_(maize)__Cercospora_leaf_spot Gray_leaf_spot,ffs,492,0.7910447761194029
Corn_(maize)__Cercospora_leaf_spot Gray_leaf_spot,ffc,0,0.868421052631579
Corn_(maize)__Cercospora_leaf_spot Gray_leaf_spot,ffc,1,0.8805031446540881
Corn_(maize)__Cercospora_leaf_spot Gray_leaf_spot,ffc,42,0.8701298701298701
Corn_(maize)__Cercospora_leaf_spot Gray_leaf_spot,ffc,123,0.8609271523178808
Corn_(maize)__Cercospora_leaf_spot Gray_leaf_spot,ffc,492,0.8450704225352113
Corn_(maize)__Cercospora_leaf_spot Gray_leaf_spot,film,0,0.8789808917197452
Corn_(maize)__Cercospora_leaf_spot Gray_leaf_spot,film,1,0.847682119205298
Corn_(maize)__Cercospora_leaf_spot Gray_leaf_spot,film,42,0.8513513513513513
Corn_(maize)__Cercospora_leaf_spot Gray_leaf_spot,film,123,0.8666666666666667
Corn_(maize)__Cercospora_leaf_spot Gray_leaf_spot,film,492,0.7596899224806202
Corn_(maize)__Common_rust_,one_stage,0,0.9971988795518208
Corn_(maize)__Common_rust_,one_stage,1,0.994413407821229
Corn_(maize)__Common_rust_,one_stage,42,0.994413407821229
Corn_(maize)__Common_rust_,one_stage,123,0.994413407821229
Corn_(maize)__Common_rust_,one_stage,492,0.9944444444444444
Corn_(maize)__Common_rust_,two_stage,0,0.9915966386554622
Corn_(maize)__Common_rust_,two_stage,1,0.994413407821229
Corn_(maize)__Common_rust_,two_stage,42,0.9916434540389972
Corn_(maize)__Common_rust_,two_stage,123,0.9916434540389972
Corn_(maize)__Common_rust_,two_stage,492,0.994413407821229
Corn_(maize)__Common_rust_,attention,0,0.9971988795518208
Corn_(maize)__Common_rust_,attention,1,0.9971988795518208
Corn_(maize)__Common_rust_,attention,42,0.9971988795518208
Corn_(maize)__Common_rust_,attention,123,0.9971988795518208
Corn_(maize)__Common_rust_,attention,492,0.994413407821229
Corn_(maize)__Common_rust_,gating,0,0.9971988795518208
Corn_(maize)__Common_rust_,gating,1,0.9971988795518208
Corn_(maize)__Common_rust_,gating,42,0.9916434540389972
Corn_(maize)__Common_rust_,gating,123,0.9972144846796658
Corn_(maize)__Common_rust_,gating,492,0.9972144846796658
Corn_(maize)__Common_rust_,ffs,0,0.994413407821229
Corn_(maize)__Common_rust_,ffs,1,0.988950276243094
Corn_(maize)__Common_rust_,ffs,42,0.994413407821229
Corn_(maize)__Common_rust_,ffs,123,0.9971988795518208
Corn_(maize)__Common_rust_,ffs,492,0.9972144846796658
Corn_(maize)__Common_rust_,ffc,0,0.9971988795518208
Corn_(maize)__Common_rust_,ffc,1,0.994413407821229
Corn_(maize)__Common_rust_,ffc,42,0.9971988795518208
Corn_(maize)__Common_rust_,ffc,123,0.9916434540389972
Corn_(maize)__Common_rust_,ffc,492,0.994413407821229
Corn_(maize)__Common_rust_,film,0,0.9944444444444444
Corn_(maize)__Common_rust_,film,1,1.0
Corn_(maize)__Common_rust_,film,42,1.0
Corn_(maize)__Common_rust_,film,123,0.994413407821229
Corn_(maize)__Common_rust_,film,492,0.9915966386554622
Corn_(maize)__Northern_Leaf_Blight,one_stage,0,0.936026936026936
Corn_(maize)__Northern_Leaf_Blight,one_stage,1,0.9201277955271564
Corn_(maize)__Northern_Leaf_Blight,one_stage,42,0.9250814332247556
Corn_(maize)__Northern_Leaf_Blight,one_stage,123,0.906148867313916
Corn_(maize)__Northern_Leaf_Blight,one_stage,492,0.9278350515463918
Corn_(maize)__Northern_Leaf_Blight,two_stage,0,0.9419795221843004
Corn_(maize)__Northern_Leaf_Blight,two_stage,1,0.9194630872483222
Corn_(maize)__Northern_Leaf_Blight,two_stage,42,0.9387755102040816
Corn_(maize)__Northern_Leaf_Blight,two_stage,123,0.9261744966442952
Corn_(maize)__Northern_Leaf_Blight,two_stage,492,0.9027777777777778
Corn_(maize)__Northern_Leaf_Blight,attention,0,0.9504950495049505
Corn_(maize)__Northern_Leaf_Blight,attention,1,0.9570957095709572
Corn_(maize)__Northern_Leaf_Blight,attention,42,0.9504950495049505
Corn_(maize)__Northern_Leaf_Blight,attention,123,0.9403973509933776
Corn_(maize)__Northern_Leaf_Blight,attention,492,0.9536423841059604
Corn_(maize)__Northern_Leaf_Blight,gating,0,0.953020134228188
Corn_(maize)__Northern_Leaf_Blight,gating,1,0.9533333333333334
Corn_(maize)__Northern_Leaf_Blight,gating,42,0.9594594594594594
Corn_(maize)__Northern_Leaf_Blight,gating,123,0.9498327759197324
Corn_(maize)__Northern_Leaf_Blight,gating,492,0.956810631229236
Corn_(maize)__Northern_Leaf_Blight,ffs,0,0.9407894736842104
Corn_(maize)__Northern_Leaf_Blight,ffs,1,0.94
Corn_(maize)__Northern_Leaf_Blight,ffs,42,0.9368770764119602
Corn_(maize)__Northern_Leaf_Blight,ffs,123,0.935483870967742
Corn_(maize)__Northern_Leaf_Blight,ffs,492,0.897196261682243
Corn_(maize)__Northern_Leaf_Blight,ffc,0,0.9225806451612903
Corn_(maize)__Northern_Leaf_Blight,ffc,1,0.9283276450511946
Corn_(maize)__Northern_Leaf_Blight,ffc,42,0.924092409240924
Corn_(maize)__Northern_Leaf_Blight,ffc,123,0.896774193548387
Corn_(maize)__Northern_Leaf_Blight,ffc,492,0.9171974522292994
Corn_(maize)__Northern_Leaf_Blight,film,0,0.9355932203389832
Corn_(maize)__Northern_Leaf_Blight,film,1,0.9342105263157896
Corn_(maize)__Northern_Leaf_Blight,film,42,0.919093851132686
Corn_(maize)__Northern_Leaf_Blight,film,123,0.9230769230769232
Corn_(maize)__Northern_Leaf_Blight,film,492,0.8613569321533924
Corn_(maize)__healthy,one_stage,0,1.0
Corn_(maize)__healthy,one_stage,1,1.0
Corn_(maize)__healthy,one_stage,42,1.0
Corn_(maize)__healthy,one_stage,123,1.0
Corn_(maize)__healthy,one_stage,492,0.997134670487106
Corn_(maize)__healthy,two_stage,0,0.9971181556195964
Corn_(maize)__healthy,two_stage,1,0.9942196531791908
Corn_(maize)__healthy,two_stage,42,0.9942196531791908
Corn_(maize)__healthy,two_stage,123,0.9942196531791908
Corn_(maize)__healthy,two_stage,492,0.9971181556195964
Corn_(maize)__healthy,attention,0,0.9946435929130614
Corn_(maize)__healthy,attention,1,0.9975369458128078
Corn_(maize)__healthy,attention,42,0.995049504950495
Corn_(maize)__healthy,attention,123,0.9975389663658736
Corn_(maize)__healthy,attention,492,0.9971252566735112
Corn_(maize)__healthy,gating,0,0.9908940397350994
Corn_(maize)__healthy,gating,1,0.9954713874022232
Corn_(maize)__healthy,gating,42,0.9938042131350682
Corn_(maize)__healthy,gating,123,0.9950454170107348
Corn_(maize)__healthy,gating,492,0.9946435929130614
Corn_(maize)__healthy,ffs,0,0.9599325179249262
Corn_(maize)__healthy,ffs,1,0.9602344077019672
Corn_(maize)__healthy,ffs,42,0.9612338474364318
Corn_(maize)__healthy,ffs,123,0.960337552742616
Corn_(maize)__healthy,ffs,492,0.9619087484303056
Corn_(maize)__healthy,ffc,0,0.9643007139857204
Corn_(maize)__healthy,ffc,1,0.955937893411666
Corn_(maize)__healthy,ffc,42,0.9681742043551088
Corn_(maize)__healthy,ffc,123,0.95578231292517
Corn_(maize)__healthy,ffc,492,0.9545071609098568
Corn_(maize)__healthy,film,0,0.9643449419568824
Corn_(maize)__healthy,film,1,0.9507221750212403
Corn_(maize)__healthy,film,42,0.9612015018773468
Corn_(maize)__healthy,film,123,0.9611366485582952
Corn_(maize)__healthy,film,492,0.9630872483221476
Grape__Black_rot,one_stage,0,0.99438202247191
Grape__Black_rot,one_stage,1,0.9915014164305948
Grape__Black_rot,one_stage,42,0.9709302325581396
Grape__Black_rot,one_stage,123,0.9914529914529916
Grape__Black_rot,one_stage,492,0.9885714285714284
Grape__Black_rot,two_stage,0,0.9886363636363636
Grape__Black_rot,two_stage,1,0.9943502824858758
Grape__Black_rot,two_stage,42,0.9858356940509916
Grape__Black_rot,two_stage,123,0.9829545454545454
Grape__Black_rot,two_stage,492,0.9915014164305948
Grape__Black_rot,attention,0,0.9944341372912802
Grape__Black_rot,attention,1,0.9981447124304268
Grape__Black_rot,attention,42,0.992619926199262
Grape__Black_rot,attention,123,0.9981447124304268
Grape__Black_rot,attention,492,0.9925650557620818
Grape__Black_rot,gating,0,0.9832402234636872
Grape__Black_rot,gating,1,0.994413407821229
Grape__Black_rot,gating,42,0.9831144465290806
Grape__Black_rot,gating,123,0.9870609981515712
Grape__Black_rot,gating,492,0.9849624060150376
Grape__Black_rot,ffs,0,0.9581056466302368
Grape__Black_rot,ffs,1,0.9147826086956522
Grape__Black_rot,ffs,42,0.9574861367837338
Grape__Black_rot,ffs,123,0.9273356401384084
Grape__Black_rot,ffs,492,0.9481216457960644
Grape__Black_rot,ffc,0,0.9515260323159784
Grape__Black_rot,ffc,1,0.9285714285714286
Grape__Black_rot,ffc,42,0.9547920433996384
Grape__Black_rot,ffc,123,0.9340463458110516
Grape__Black_rot,ffc,492,0.9330985915492958
Grape__Black_rot,film,0,0.9263157894736842
Grape__Black_rot,film,1,0.9380530973451328
Grape__Black_rot,film,42,0.9447415329768272
Grape__Black_rot,film,123,0.9298245614035088
Grape__Black_rot,film,492,0.9430604982206404
Grape__Esca_(Black_Measles),one_stage,0,0.9975786924939468
Grape__Esca_(Black_Measles),one_stage,1,0.9927360774818402
Grape__Esca_(Black_Measles),one_stage,42,0.9761904761904762
Grape__Esca_(Black_Measles),one_stage,123,0.9927710843373494
Grape__Esca_(Black_Measles),one_stage,492,0.9904306220095692
Grape__Esca_(Black_Measles),two_stage,0,0.9903846153846154
Grape__Esca_(Black_Measles),two_stage,1,0.9951690821256038
Grape__Esca_(Black_Measles),two_stage,42,0.9879518072289156
Grape__Esca_(Black_Measles),two_stage,123,0.988009592326139
Grape__Esca_(Black_Measles),two_stage,492,0.9927710843373494
Grape__Esca_(Black_Measles),attention,0,0.9975786924939468
Grape__Esca_(Black_Measles),attention,1,1.0
Grape__Esca_(Black_Measles),attention,42,1.0
Grape__Esca_(Black_Measles),attention,123,0.9951456310679612
Grape__Esca_(Black_Measles),attention,492,0.9975786924939468
Grape__Esca_(Black_Measles),gating,0,0.9951690821256038
Grape__Esca_(Black_Measles),gating,1,1.0
Grape__Esca_(Black_Measles),gating,42,0.9927360774818402
Grape__Esca_(Black_Measles),gating,123,0.9951456310679612
Grape__Esca_(Black_Measles),gating,492,0.9975786924939468
Grape__Esca_(Black_Measles),ffs,0,0.9705882352941176
Grape__Esca_(Black_Measles),ffs,1,0.9166666666666666
Grape__Esca_(Black_Measles),ffs,42,0.978102189781022
Grape__Esca_(Black_Measles),ffs,123,0.9246753246753248
Grape__Esca_(Black_Measles),ffs,492,0.9627791563275434
Grape__Esca_(Black_Measles),ffc,0,0.949748743718593
Grape__Esca_(Black_Measles),ffc,1,0.934010152284264
Grape__Esca_(Black_Measles),ffc,42,0.9633251833740832
Grape__Esca_(Black_Measles),ffc,123,0.9319899244332494
Grape__Esca_(Black_Measles),ffc,492,0.9384615384615383
Grape__Esca_(Black_Measles),film,0,0.9390862944162436
Grape__Esca_(Black_Measles),film,1,0.949748743718593
Grape__Esca_(Black_Measles),film,42,0.949748743718593
Grape__Esca_(Black_Measles),film,123,0.9333333333333332
Grape__Esca_(Black_Measles),film,492,0.9494949494949496
Grape__Leaf_blight_(Isariopsis_Leaf_Spot),one_stage,0,0.9969040247678018
Grape__Leaf_blight_(Isariopsis_Leaf_Spot),one_stage,1,0.9969040247678018
Grape__Leaf_blight_(Isariopsis_Leaf_Spot),one_stage,42,0.981132075471698
Grape__Leaf_blight_(Isariopsis_Leaf_Spot),one_stage,123,0.9969040247678018
Grape__Leaf_blight_(Isariopsis_Leaf_Spot),one_stage,492,0.9969040247678018
Grape__Leaf_blight_(Isariopsis_Leaf_Spot),two_stage,0,1.0
Grape__Leaf_blight_(Isariopsis_Leaf_Spot),two_stage,1,1.0
Grape__Leaf_blight_(Isariopsis_Leaf_Spot),two_stage,42,1.0
Grape__Leaf_blight_(Isariopsis_Leaf_Spot),two_stage,123,0.9969230769230768
Grape__Leaf_blight_(Isariopsis_Leaf_Spot),two_stage,492,0.9969230769230768
Grape__Leaf_blight_(Isariopsis_Leaf_Spot),attention,0,1.0
Grape__Leaf_blight_(Isariopsis_Leaf_Spot),attention,1,1.0
Grape__Leaf_blight_(Isariopsis_Leaf_Spot),attention,42,1.0
Grape__Leaf_blight_(Isariopsis_Leaf_Spot),attention,123,1.0
Grape__Leaf_blight_(Isariopsis_Leaf_Spot),attention,492,1.0
Grape__Leaf_blight_(Isariopsis_Leaf_Spot),gating,0,0.9969040247678018
Grape__Leaf_blight_(Isariopsis_Leaf_Spot),gating,1,1.0
Grape__Leaf_blight_(Isariopsis_Leaf_Spot),gating,42,0.9969040247678018
Grape__Leaf_blight_(Isariopsis_Leaf_Spot),gating,123,1.0
Grape__Leaf_blight_(Isariopsis_Leaf_Spot),gating,492,1.0
Grape__Leaf_blight_(Isariopsis_Leaf_Spot),ffs,0,0.9908256880733946
Grape__Leaf_blight_(Isariopsis_Leaf_Spot),ffs,1,0.9907120743034056
Grape__Leaf_blight_(Isariopsis_Leaf_Spot),ffs,42,0.9938271604938272
Grape__Leaf_blight_(Isariopsis_Leaf_Spot),ffs,123,0.9906542056074766
Grape__Leaf_blight_(Isariopsis_Leaf_Spot),ffs,492,0.9937888198757764
Grape__Leaf_blight_(Isariopsis_Leaf_Spot),ffc,0,0.9938271604938272
Grape__Leaf_blight_(Isariopsis_Leaf_Spot),ffc,1,0.9938271604938272
Grape__Leaf_blight_(Isariopsis_Leaf_Spot),ffc,42,0.9907692307692308
Grape__Leaf_blight_(Isariopsis_Leaf_Spot),ffc,123,0.9969230769230768
Grape__Leaf_blight_(Isariopsis_Leaf_Spot),ffc,492,0.9937888198757764
Grape__Leaf_blight_(Isariopsis_Leaf_Spot),film,0,0.9938271604938272
Grape__Leaf_blight_(Isariopsis_Leaf_Spot),film,1,0.9876543209876544
Grape__Leaf_blight_(Isariopsis_Leaf_Spot),film,42,0.9969230769230768
Grape__Leaf_blight_(Isariopsis_Leaf_Spot),film,123,1.0
Grape__Leaf_blight_(Isariopsis_Leaf_Spot),film,492,0.9969040247678018
Grape__healthy,one_stage,0,0.992248062015504
Grape__healthy,one_stage,1,1.0
Grape__healthy,one_stage,42,0.9846153846153848
Grape__healthy,one_stage,123,0.992248062015504
Grape__healthy,one_stage,492,1.0
Grape__healthy,two_stage,0,1.0
Grape__healthy,two_stage,1,1.0
Grape__healthy,two_stage,42,1.0
Grape__healthy,two_stage,123,0.984126984126984
Grape__healthy,two_stage,492,0.9921259842519684
Grape__healthy,attention,0,0.9946435929130614
Grape__healthy,attention,1,0.9975369458128078
Grape__healthy,attention,42,0.995049504950495
Grape__healthy,attention,123,0.9975389663658736
Grape__healthy,attention,492,0.9971252566735112
Grape__healthy,gating,0,0.9908940397350994
Grape__healthy,gating,1,0.9954713874022232
Grape__healthy,gating,42,0.9938042131350682
Grape__healthy,gating,123,0.9950454170107348
Grape__healthy,gating,492,0.9946435929130614
Grape__healthy,ffs,0,0.9599325179249262
Grape__healthy,ffs,1,0.9602344077019672
Grape__healthy,ffs,42,0.9612338474364318
Grape__healthy,ffs,123,0.960337552742616
Grape__healthy,ffs,492,0.9619087484303056
Grape__healthy,ffc,0,0.9643007139857204
Grape__healthy,ffc,1,0.955937893411666
Grape__healthy,ffc,42,0.9681742043551088
Grape__healthy,ffc,123,0.95578231292517
Grape__healthy,ffc,492,0.9545071609098568
Grape__healthy,film,0,0.9643449419568824
Grape__healthy,film,1,0.9507221750212403
Grape__healthy,film,42,0.9612015018773468
Grape__healthy,film,123,0.9611366485582952
Grape__healthy,film,492,0.9630872483221476
Peach__Bacterial_spot,one_stage,0,0.9739130434782608
Peach__Bacterial_spot,one_stage,1,0.9855072463768116
Peach__Bacterial_spot,one_stage,42,0.9811866859623734
Peach__Bacterial_spot,one_stage,123,0.9796511627906976
Peach__Bacterial_spot,one_stage,492,0.970042796005706
Peach__Bacterial_spot,two_stage,0,0.9985486211901308
Peach__Bacterial_spot,two_stage,1,0.9985486211901308
Peach__Bacterial_spot,two_stage,42,0.9971098265895952
Peach__Bacterial_spot,two_stage,123,0.995645863570392
Peach__Bacterial_spot,two_stage,492,0.9956709956709956
Peach__Bacterial_spot,attention,0,0.9838509316770186
Peach__Bacterial_spot,attention,1,0.9831355402873204
Peach__Bacterial_spot,attention,42,0.9838909541511772
Peach__Bacterial_spot,attention,123,0.9812734082397004
Peach__Bacterial_spot,attention,492,0.9793621013133208
Peach__Bacterial_spot,gating,0,0.9821538461538462
Peach__Bacterial_spot,gating,1,0.9863861386138614
Peach__Bacterial_spot,gating,42,0.971892567145534
Peach__Bacterial_spot,gating,123,0.9839307787391842
Peach__Bacterial_spot,gating,492,0.9826517967781908
Peach__Bacterial_spot,ffs,0,0.9464861379754996
Peach__Bacterial_spot,ffs,1,0.9507575757575758
Peach__Bacterial_spot,ffs,42,0.9357560025957172
Peach__Bacterial_spot,ffs,123,0.9353169469598964
Peach__Bacterial_spot,ffs,492,0.9466237942122186
Peach__Bacterial_spot,ffc,0,0.9464968152866242
Peach__Bacterial_spot,ffc,1,0.9321266968325792
Peach__Bacterial_spot,ffc,42,0.9337662337662338
Peach__Bacterial_spot,ffc,123,0.9418457648546144
Peach__Bacterial_spot,ffc,492,0.9087275149900068
Peach__Bacterial_spot,film,0,0.89280868385346
Peach__Bacterial_spot,film,1,0.9391979301423028
Peach__Bacterial_spot,film,42,0.9213483146067416
Peach__Bacterial_spot,film,123,0.9277266754270695
Peach__Bacterial_spot,film,492,0.935672514619883
Peach__healthy,one_stage,0,0.9557522123893806
Peach__healthy,one_stage,1,0.9642857142857144
Peach__healthy,one_stage,42,0.9473684210526316
Peach__healthy,one_stage,123,0.9
Peach__healthy,one_stage,492,0.9473684210526316
Peach__healthy,two_stage,0,0.9908256880733946
Peach__healthy,two_stage,1,0.9908256880733946
Peach__healthy,two_stage,42,0.981132075471698
Peach__healthy,two_stage,123,0.9724770642201837
Peach__healthy,two_stage,492,0.9714285714285714
Peach__healthy,attention,0,0.9946435929130614
Peach__healthy,attention,1,0.9975369458128078
Peach__healthy,attention,42,0.995049504950495
Peach__healthy,attention,123,0.9975389663658736
Peach__healthy,attention,492,0.9971252566735112
Peach__healthy,gating,0,0.9908940397350994
Peach__healthy,gating,1,0.9954713874022232
Peach__healthy,gating,42,0.9938042131350682
Peach__healthy,gating,123,0.9950454170107348
Peach__healthy,gating,492,0.9946435929130614
Peach__healthy,ffs,0,0.9599325179249262
Peach__healthy,ffs,1,0.9602344077019672
Peach__healthy,ffs,42,0.9612338474364318
Peach__healthy,ffs,123,0.960337552742616
Peach__healthy,ffs,492,0.9619087484303056
Peach__healthy,ffc,0,0.9643007139857204
Peach__healthy,ffc,1,0.955937893411666
Peach__healthy,ffc,42,0.9681742043551088
Peach__healthy,ffc,123,0.95578231292517
Peach__healthy,ffc,492,0.9545071609098568
Peach__healthy,film,0,0.9643449419568824
Peach__healthy,film,1,0.9507221750212403
Peach__healthy,film,42,0.9612015018773468
Peach__healthy,film,123,0.9611366485582952
Peach__healthy,film,492,0.9630872483221476
"Pepper,_bell__Bacterial_spot",one_stage,0,0.969283276450512
"Pepper,_bell__Bacterial_spot",one_stage,1,0.962457337883959
"Pepper,_bell__Bacterial_spot",one_stage,42,0.9829351535836176
"Pepper,_bell__Bacterial_spot",one_stage,123,0.9621993127147768
"Pepper,_bell__Bacterial_spot",one_stage,492,0.9765886287625418
"Pepper,_bell__Bacterial_spot",two_stage,0,0.9864864864864864
"Pepper,_bell__Bacterial_spot",two_stage,1,0.9932885906040269
"Pepper,_bell__Bacterial_spot",two_stage,42,0.9866666666666668
"Pepper,_bell__Bacterial_spot",two_stage,123,0.9932885906040269
"Pepper,_bell__Bacterial_spot",two_stage,492,0.9932885906040269
"Pepper,_bell__Bacterial_spot",attention,0,0.9838509316770186
"Pepper,_bell__Bacterial_spot",attention,1,0.9831355402873204
"Pepper,_bell__Bacterial_spot",attention,42,0.9838909541511772
"Pepper,_bell__Bacterial_spot",attention,123,0.9812734082397004
"Pepper,_bell__Bacterial_spot",attention,492,0.9793621013133208
"Pepper,_bell__Bacterial_spot",gating,0,0.9821538461538462
"Pepper,_bell__Bacterial_spot",gating,1,0.9863861386138614
"Pepper,_bell__Bacterial_spot",gating,42,0.971892567145534
"Pepper,_bell__Bacterial_spot",gating,123,0.9839307787391842
"Pepper,_bell__Bacterial_spot",gating,492,0.9826517967781908
"Pepper,_bell__Bacterial_spot",ffs,0,0.9464861379754996
"Pepper,_bell__Bacterial_spot",ffs,1,0.9507575757575758
"Pepper,_bell__Bacterial_spot",ffs,42,0.9357560025957172
"Pepper,_bell__Bacterial_spot",ffs,123,0.9353169469598964
"Pepper,_bell__Bacterial_spot",ffs,492,0.9466237942122186
"Pepper,_bell__Bacterial_spot",ffc,0,0.9464968152866242
"Pepper,_bell__Bacterial_spot",ffc,1,0.9321266968325792
"Pepper,_bell__Bacterial_spot",ffc,42,0.9337662337662338
"Pepper,_bell__Bacterial_spot",ffc,123,0.9418457648546144
"Pepper,_bell__Bacterial_spot",ffc,492,0.9087275149900068
"Pepper,_bell__Bacterial_spot",film,0,0.89280868385346
"Pepper,_bell__Bacterial_spot",film,1,0.9391979301423028
"Pepper,_bell__Bacterial_spot",film,42,0.9213483146067416
"Pepper,_bell__Bacterial_spot",film,123,0.9277266754270695
"Pepper,_bell__Bacterial_spot",film,492,0.935672514619883
"Pepper,_bell__healthy",one_stage,0,0.9800443458980044
"Pepper,_bell__healthy",one_stage,1,0.9750566893424036
"Pepper,_bell__healthy",one_stage,42,0.9932584269662922
"Pepper,_bell__healthy",one_stage,123,0.9776785714285714
"Pepper,_bell__healthy",one_stage,492,0.9866071428571428
"Pepper,_bell__healthy",two_stage,0,0.9910313901345292
"Pepper,_bell__healthy",two_stage,1,0.9954954954954957
"Pepper,_bell__healthy",two_stage,42,0.990950226244344
"Pepper,_bell__healthy",two_stage,123,0.9954954954954957
"Pepper,_bell__healthy",two_stage,492,0.9954954954954957
"Pepper,_bell__healthy",attention,0,0.9946435929130614
"Pepper,_bell__healthy",attention,1,0.9975369458128078
"Pepper,_bell__healthy",attention,42,0.995049504950495
"Pepper,_bell__healthy",attention,123,0.9975389663658736
"Pepper,_bell__healthy",attention,492,0.9971252566735112
"Pepper,_bell__healthy",gating,0,0.9908940397350994
"Pepper,_bell__healthy",gating,1,0.9954713874022232
"Pepper,_bell__healthy",gating,42,0.9938042131350682
"Pepper,_bell__healthy",gating,123,0.9950454170107348
"Pepper,_bell__healthy",gating,492,0.9946435929130614
"Pepper,_bell__healthy",ffs,0,0.9599325179249262
"Pepper,_bell__healthy",ffs,1,0.9602344077019672
"Pepper,_bell__healthy",ffs,42,0.9612338474364318
"Pepper,_bell__healthy",ffs,123,0.960337552742616
"Pepper,_bell__healthy",ffs,492,0.9619087484303056
"Pepper,_bell__healthy",ffc,0,0.9643007139857204
"Pepper,_bell__healthy",ffc,1,0.955937893411666
"Pepper,_bell__healthy",ffc,42,0.9681742043551088
"Pepper,_bell__healthy",ffc,123,0.95578231292517
"Pepper,_bell__healthy",ffc,492,0.9545071609098568
"Pepper,_bell__healthy",film,0,0.9643449419568824
"Pepper,_bell__healthy",film,1,0.9507221750212403
"Pepper,_bell__healthy",film,42,0.9612015018773468
"Pepper,_bell__healthy",film,123,0.9611366485582952
"Pepper,_bell__healthy",film,492,0.9630872483221476
Potato__Early_blight,one_stage,0,0.976897689768977
Potato__Early_blight,one_stage,1,0.98989898989899
Potato__Early_blight,one_stage,42,0.9933774834437086
Potato__Early_blight,one_stage,123,0.976897689768977
Potato__Early_blight,one_stage,492,0.9735099337748344
Potato__Early_blight,two_stage,0,1.0
Potato__Early_blight,two_stage,1,0.9933774834437086
Potato__Early_blight,two_stage,42,0.9966777408637874
Potato__Early_blight,two_stage,123,0.9933774834437086
Potato__Early_blight,two_stage,492,0.9933774834437086
Potato__Early_blight,attention,0,0.9581239530988276
Potato__Early_blight,attention,1,0.9749582637729548
Potato__Early_blight,attention,42,0.9612141652613828
Potato__Early_blight,attention,123,0.979933110367893
Potato__Early_blight,attention,492,0.953528399311532
Potato__Early_blight,gating,0,0.9609507640067912
Potato__Early_blight,gating,1,0.964467005076142
Potato__Early_blight,gating,42,0.9565217391304348
Potato__Early_blight,gating,123,0.9595959595959596
Potato__Early_blight,gating,492,0.9498327759197324
Potato__Early_blight,ffs,0,0.9124579124579124
Potato__Early_blight,ffs,1,0.88107202680067
Potato__Early_blight,ffs,42,0.9113043478260868
Potato__Early_blight,ffs,123,0.8954703832752613
Potato__Early_blight,ffs,492,0.9143835616438356
Potato__Early_blight,ffc,0,0.915951972555746
Potato__Early_blight,ffc,1,0.8786324786324786
Potato__Early_blight,ffc,42,0.9106529209621992
Potato__Early_blight,ffc,123,0.8972602739726028
Potato__Early_blight,ffc,492,0.9003436426116839
Potato__Early_blight,film,0,0.9049295774647887
Potato__Early_blight,film,1,0.9033391915641475
Potato__Early_blight,film,42,0.9008695652173913
Potato__Early_blight,film,123,0.9220103986135182
Potato__Early_blight,film,492,0.9212328767123288
Potato__Late_blight,one_stage,0,0.9455782312925172
Potato__Late_blight,one_stage,1,0.9337979094076656
Potato__Late_blight,one_stage,42,0.9295774647887324
Potato__Late_blight,one_stage,123,0.9052631578947368
Potato__Late_blight,one_stage,492,0.9419795221843004
Potato__Late_blight,two_stage,0,0.9867549668874172
Potato__Late_blight,two_stage,1,0.9767441860465116
Potato__Late_blight,two_stage,42,0.9867549668874172
Potato__Late_blight,two_stage,123,0.9833887043189368
Potato__Late_blight,two_stage,492,0.9765886287625418
Potato__Late_blight,attention,0,0.9897843359818388
Potato__Late_blight,attention,1,0.992
Potato__Late_blight,attention,42,0.9874572405929304
Potato__Late_blight,attention,123,0.9908675799086758
Potato__Late_blight,attention,492,0.9897377423033068
Potato__Late_blight,gating,0,0.992018244013683
Potato__Late_blight,gating,1,0.9863945578231292
Potato__Late_blight,gating,42,0.9897377423033068
Potato__Late_blight,gating,123,0.9851428571428572
Potato__Late_blight,gating,492,0.9783352337514252
Potato__Late_blight,ffs,0,0.952054794520548
Potato__Late_blight,ffs,1,0.9470124013528748
Potato__Late_blight,ffs,42,0.9450056116722784
Potato__Late_blight,ffs,123,0.9425028184892896
Potato__Late_blight,ffs,492,0.9559322033898304
Potato__Late_blight,ffc,0,0.9389567147613762
Potato__Late_blight,ffc,1,0.932146829810901
Potato__Late_blight,ffc,42,0.9644902634593356
Potato__Late_blight,ffc,123,0.9205658324265504
Potato__Late_blight,ffc,492,0.9453302961275628
Potato__Late_blight,film,0,0.95
Potato__Late_blight,film,1,0.9492671927846674
Potato__Late_blight,film,42,0.9471316085489314
Potato__Late_blight,film,123,0.9534619750283768
Potato__Late_blight,film,492,0.9611872146118722
Potato__healthy,one_stage,0,0.9777777777777776
Potato__healthy,one_stage,1,0.9361702127659576
Potato__healthy,one_stage,42,0.9387755102040816
Potato__healthy,one_stage,123,0.9333333333333332
Potato__healthy,one_stage,492,0.9545454545454546
Potato__healthy,two_stage,0,0.9090909090909092
Potato__healthy,two_stage,1,0.8837209302325582
Potato__healthy,two_stage,42,0.9302325581395348
Potato__healthy,two_stage,123,0.9302325581395348
Potato__healthy,two_stage,492,0.8888888888888888
Potato__healthy,attention,0,0.9946435929130614
Potato__healthy,attention,1,0.9975369458128078
Potato__healthy,attention,42,0.995049504950495
Potato__healthy,attention,123,0.9975389663658736
Potato__healthy,attention,492,0.9971252566735112
Potato__healthy,gating,0,0.9908940397350994
Potato__healthy,gating,1,0.9954713874022232
Potato__healthy,gating,42,0.9938042131350682
Potato__healthy,gating,123,0.9950454170107348
Potato__healthy,gating,492,0.9946435929130614
Potato__healthy,ffs,0,0.9599325179249262
Potato__healthy,ffs,1,0.9602344077019672
Potato__healthy,ffs,42,0.9612338474364318
Potato__healthy,ffs,123,0.960337552742616
Potato__healthy,ffs,492,0.9619087484303056
Potato__healthy,ffc,0,0.9643007139857204
Potato__healthy,ffc,1,0.955937893411666
Potato__healthy,ffc,42,0.9681742043551088
Potato__healthy,ffc,123,0.95578231292517
Potato__healthy,ffc,492,0.9545071609098568
Potato__healthy,film,0,0.9643449419568824
Potato__healthy,film,1,0.9507221750212403
Potato__healthy,film,42,0.9612015018773468
Potato__healthy,film,123,0.9611366485582952
Potato__healthy,film,492,0.9630872483221476
Strawberry__Leaf_scorch,one_stage,0,0.9910979228486648
Strawberry__Leaf_scorch,one_stage,1,0.988095238095238
Strawberry__Leaf_scorch,one_stage,42,0.9763313609467456
Strawberry__Leaf_scorch,one_stage,123,0.994011976047904
Strawberry__Leaf_scorch,one_stage,492,0.9940476190476192
Strawberry__Leaf_scorch,two_stage,0,1.0
Strawberry__Leaf_scorch,two_stage,1,1.0
Strawberry__Leaf_scorch,two_stage,42,1.0
Strawberry__Leaf_scorch,two_stage,123,1.0
Strawberry__Leaf_scorch,two_stage,492,1.0
Strawberry__Leaf_scorch,attention,0,0.9970149253731344
Strawberry__Leaf_scorch,attention,1,1.0
Strawberry__Leaf_scorch,attention,42,0.9970149253731344
Strawberry__Leaf_scorch,attention,123,0.9970149253731344
Strawberry__Leaf_scorch,attention,492,1.0
Strawberry__Leaf_scorch,gating,0,0.9940476190476192
Strawberry__Leaf_scorch,gating,1,1.0
Strawberry__Leaf_scorch,gating,42,0.9940476190476192
Strawberry__Leaf_scorch,gating,123,0.9940476190476192
Strawberry__Leaf_scorch,gating,492,1.0
Strawberry__Leaf_scorch,ffs,0,1.0
Strawberry__Leaf_scorch,ffs,1,0.9881656804733728
Strawberry__Leaf_scorch,ffs,42,0.9970149253731344
Strawberry__Leaf_scorch,ffs,123,0.993975903614458
Strawberry__Leaf_scorch,ffs,492,0.996996996996997
Strawberry__Leaf_scorch,ffc,0,0.994011976047904
Strawberry__Leaf_scorch,ffc,1,0.988095238095238
Strawberry__Leaf_scorch,ffc,42,0.996996996996997
Strawberry__Leaf_scorch,ffc,123,0.9970149253731344
Strawberry__Leaf_scorch,ffc,492,0.991044776119403
Strawberry__Leaf_scorch,film,0,1.0
Strawberry__Leaf_scorch,film,1,0.9970149253731344
Strawberry__Leaf_scorch,film,42,0.991044776119403
Strawberry__Leaf_scorch,film,123,0.9910979228486648
Strawberry__Leaf_scorch,film,492,0.993975903614458
Strawberry__healthy,one_stage,0,0.9852941176470588
Strawberry__healthy,one_stage,1,0.9927007299270072
Strawberry__healthy,one_stage,42,0.9925925925925926
Strawberry__healthy,one_stage,123,0.9927007299270072
Strawberry__healthy,one_stage,492,0.9784172661870504
Strawberry__healthy,two_stage,0,1.0
Strawberry__healthy,two_stage,1,1.0
Strawberry__healthy,two_stage,42,1.0
Strawberry__healthy,two_stage,123,1.0
Strawberry__healthy,two_stage,492,1.0
Strawberry__healthy,attention,0,0.9946435929130614
Strawberry__healthy,attention,1,0.9975369458128078
Strawberry__healthy,attention,42,0.995049504950495
Strawberry__healthy,attention,123,0.9975389663658736
Strawberry__healthy,attention,492,0.9971252566735112
Strawberry__healthy,gating,0,0.9908940397350994
Strawberry__healthy,gating,1,0.9954713874022232
Strawberry__healthy,gating,42,0.9938042131350682
Strawberry__healthy,gating,123,0.9950454170107348
Strawberry__healthy,gating,492,0.9946435929130614
Strawberry__healthy,ffs,0,0.9599325179249262
Strawberry__healthy,ffs,1,0.9602344077019672
Strawberry__healthy,ffs,42,0.9612338474364318
Strawberry__healthy,ffs,123,0.960337552742616
Strawberry__healthy,ffs,492,0.9619087484303056
Strawberry__healthy,ffc,0,0.9643007139857204
Strawberry__healthy,ffc,1,0.955937893411666
Strawberry__healthy,ffc,42,0.9681742043551088
Strawberry__healthy,ffc,123,0.95578231292517
Strawberry__healthy,ffc,492,0.9545071609098568
Strawberry__healthy,film,0,0.9643449419568824
Strawberry__healthy,film,1,0.9507221750212403
Strawberry__healthy,film,42,0.9612015018773468
Strawberry__healthy,film,123,0.9611366485582952
Strawberry__healthy,film,492,0.9630872483221476
Tomato__Bacterial_spot,one_stage,0,0.9322314049586776
Tomato__Bacterial_spot,one_stage,1,0.9266666666666666
Tomato__Bacterial_spot,one_stage,42,0.919732441471572
Tomato__Bacterial_spot,one_stage,123,0.8952702702702703
Tomato__Bacterial_spot,one_stage,492,0.9148580968280468
Tomato__Bacterial_spot,two_stage,0,0.9304635761589404
Tomato__Bacterial_spot,two_stage,1,0.9191919191919192
Tomato__Bacterial_spot,two_stage,42,0.9251247920133112
Tomato__Bacterial_spot,two_stage,123,0.93
Tomato__Bacterial_spot,two_stage,492,0.9444444444444444
Tomato__Bacterial_spot,attention,0,0.9838509316770186
Tomato__Bacterial_spot,attention,1,0.9831355402873204
Tomato__Bacterial_spot,attention,42,0.9838909541511772
Tomato__Bacterial_spot,attention,123,0.9812734082397004
Tomato__Bacterial_spot,attention,492,0.9793621013133208
Tomato__Bacterial_spot,gating,0,0.9821538461538462
Tomato__Bacterial_spot,gating,1,0.9863861386138614
Tomato__Bacterial_spot,gating,42,0.971892567145534
Tomato__Bacterial_spot,gating,123,0.9839307787391842
Tomato__Bacterial_spot,gating,492,0.9826517967781908
Tomato__Bacterial_spot,ffs,0,0.9464861379754996
Tomato__Bacterial_spot,ffs,1,0.9507575757575758
Tomato__Bacterial_spot,ffs,42,0.9357560025957172
Tomato__Bacterial_spot,ffs,123,0.9353169469598964
Tomato__Bacterial_spot,ffs,492,0.9466237942122186
Tomato__Bacterial_spot,ffc,0,0.9464968152866242
Tomato__Bacterial_spot,ffc,1,0.9321266968325792
Tomato__Bacterial_spot,ffc,42,0.9337662337662338
Tomato__Bacterial_spot,ffc,123,0.9418457648546144
Tomato__Bacterial_spot,ffc,492,0.9087275149900068
Tomato__Bacterial_spot,film,0,0.89280868385346
Tomato__Bacterial_spot,film,1,0.9391979301423028
Tomato__Bacterial_spot,film,42,0.9213483146067416
Tomato__Bacterial_spot,film,123,0.9277266754270695
Tomato__Bacterial_spot,film,492,0.935672514619883
Tomato__Early_blight,one_stage,0,0.7952755905511811
Tomato__Early_blight,one_stage,1,0.7970479704797048
Tomato__Early_blight,one_stage,42,0.823076923076923
Tomato__Early_blight,one_stage,123,0.7969348659003831
Tomato__Early_blight,one_stage,492,0.8122605363984674
Tomato__Early_blight,two_stage,0,0.8540145985401459
Tomato__Early_blight,two_stage,1,0.8185328185328186
Tomato__Early_blight,two_stage,42,0.8125
Tomato__Early_blight,two_stage,123,0.8046875
Tomato__Early_blight,two_stage,492,0.8382352941176471
Tomato__Early_blight,attention,0,0.9581239530988276
Tomato__Early_blight,attention,1,0.9749582637729548
Tomato__Early_blight,attention,42,0.9612141652613828
Tomato__Early_blight,attention,123,0.979933110367893
Tomato__Early_blight,attention,492,0.953528399311532
Tomato__Early_blight,gating,0,0.9609507640067912
Tomato__Early_blight,gating,1,0.964467005076142
Tomato__Early_blight,gating,42,0.9565217391304348
Tomato__Early_blight,gating,123,0.9595959595959596
Tomato__Early_blight,gating,492,0.9498327759197324
Tomato__Early_blight,ffs,0,0.9124579124579124
Tomato__Early_blight,ffs,1,0.88107202680067
Tomato__Early_blight,ffs,42,0.9113043478260868
Tomato__Early_blight,ffs,123,0.8954703832752613
Tomato__Early_blight,ffs,492,0.9143835616438356
Tomato__Early_blight,ffc,0,0.915951972555746
Tomato__Early_blight,ffc,1,0.8786324786324786
Tomato__Early_blight,ffc,42,0.9106529209621992
Tomato__Early_blight,ffc,123,0.8972602739726028
Tomato__Early_blight,ffc,492,0.9003436426116839
Tomato__Early_blight,film,0,0.9049295774647887
Tomato__Early_blight,film,1,0.9033391915641475
Tomato__Early_blight,film,42,0.9008695652173913
Tomato__Early_blight,film,123,0.9220103986135182
Tomato__Early_blight,film,492,0.9212328767123288
Tomato__Late_blight,one_stage,0,0.938488576449912
Tomato__Late_blight,one_stage,1,0.926391382405745
Tomato__Late_blight,one_stage,42,0.9380530973451328
Tomato__Late_blight,one_stage,123,0.92894280762565
Tomato__Late_blight,one_stage,492,0.940754039497307
Tomato__Late_blight,two_stage,0,0.9535714285714286
Tomato__Late_blight,two_stage,1,0.9615384615384616
Tomato__Late_blight,two_stage,42,0.9501779359430604
Tomato__Late_blight,two_stage,123,0.9507042253521126
Tomato__Late_blight,two_stage,492,0.9608540925266904
Tomato__Late_blight,attention,0,0.9897843359818388
Tomato__Late_blight,attention,1,0.992
Tomato__Late_blight,attention,42,0.9874572405929304
Tomato__Late_blight,attention,123,0.9908675799086758
Tomato__Late_blight,attention,492,0.9897377423033068
Tomato__Late_blight,gating,0,0.992018244013683
Tomato__Late_blight,gating,1,0.9863945578231292
Tomato__Late_blight,gating,42,0.9897377423033068
Tomato__Late_blight,gating,123,0.9851428571428572
Tomato__Late_blight,gating,492,0.9783352337514252
Tomato__Late_blight,ffs,0,0.952054794520548
Tomato__Late_blight,ffs,1,0.9470124013528748
Tomato__Late_blight,ffs,42,0.9450056116722784
Tomato__Late_blight,ffs,123,0.9425028184892896
Tomato__Late_blight,ffs,492,0.9559322033898304
Tomato__Late_blight,ffc,0,0.9389567147613762
Tomato__Late_blight,ffc,1,0.932146829810901
Tomato__Late_blight,ffc,42,0.9644902634593356
Tomato__Late_blight,ffc,123,0.9205658324265504
Tomato__Late_blight,ffc,492,0.9453302961275628
Tomato__Late_blight,film,0,0.95
Tomato__Late_blight,film,1,0.9492671927846674
Tomato__Late_blight,film,42,0.9471316085489314
Tomato__Late_blight,film,123,0.9534619750283768
Tomato__Late_blight,film,492,0.9611872146118722
Tomato__Leaf_Mold,one_stage,0,0.922509225092251
Tomato__Leaf_Mold,one_stage,1,0.9037037037037036
Tomato__Leaf_Mold,one_stage,42,0.9214285714285714
Tomato__Leaf_Mold,one_stage,123,0.8803088803088803
Tomato__Leaf_Mold,one_stage,492,0.9110320284697508
Tomato__Leaf_Mold,two_stage,0,0.946236559139785
Tomato__Leaf_Mold,two_stage,1,0.9273356401384084
Tomato__Leaf_Mold,two_stage,42,0.9309090909090908
Tomato__Leaf_Mold,two_stage,123,0.9285714285714286
Tomato__Leaf_Mold,two_stage,492,0.922509225092251
Tomato__Leaf_Mold,attention,0,1.0
Tomato__Leaf_Mold,attention,1,0.9964912280701754
Tomato__Leaf_Mold,attention,42,1.0
Tomato__Leaf_Mold,attention,123,1.0
Tomato__Leaf_Mold,attention,492,0.9964912280701754
Tomato__Leaf_Mold,gating,0,1.0
Tomato__Leaf_Mold,gating,1,0.9965156794425089
Tomato__Leaf_Mold,gating,42,0.9965156794425089
Tomato__Leaf_Mold,gating,123,0.9930555555555556
Tomato__Leaf_Mold,gating,492,0.986206896551724
Tomato__Leaf_Mold,ffs,0,0.9458483754512635
Tomato__Leaf_Mold,ffs,1,0.920863309352518
Tomato__Leaf_Mold,ffs,42,0.9236363636363636
Tomato__Leaf_Mold,ffs,123,0.922509225092251
Tomato__Leaf_Mold,ffs,492,0.924187725631769
Tomato__Leaf_Mold,ffc,0,0.9295774647887324
Tomato__Leaf_Mold,ffc,1,0.9236363636363636
Tomato__Leaf_Mold,ffc,42,0.9197080291970804
Tomato__Leaf_Mold,ffc,123,0.9328621908127208
Tomato__Leaf_Mold,ffc,492,0.9187279151943464
Tomato__Leaf_Mold,film,0,0.9010989010989012
Tomato__Leaf_Mold,film,1,0.9377289377289376
Tomato__Leaf_Mold,film,42,0.9169675090252708
Tomato__Leaf_Mold,film,123,0.9357142857142856
Tomato__Leaf_Mold,film,492,0.927536231884058
Tomato__Septoria_leaf_spot,one_stage,0,0.9056603773584906
Tomato__Septoria_leaf_spot,one_stage,1,0.9066666666666666
Tomato__Septoria_leaf_spot,one_stage,42,0.8973384030418251
Tomato__Septoria_leaf_spot,one_stage,123,0.9105058365758756
Tomato__Septoria_leaf_spot,one_stage,492,0.9295238095238096
Tomato__Septoria_leaf_spot,two_stage,0,0.9411764705882352
Tomato__Septoria_leaf_spot,two_stage,1,0.928030303030303
Tomato__Septoria_leaf_spot,two_stage,42,0.9262759924385632
Tomato__Septoria_leaf_spot,two_stage,123,0.9265536723163842
Tomato__Septoria_leaf_spot,two_stage,492,0.945179584120983
Tomato__Septoria_leaf_spot,attention,0,0.9718574108818012
Tomato__Septoria_leaf_spot,attention,1,0.9813432835820896
Tomato__Septoria_leaf_spot,attention,42,0.968342644320298
Tomato__Septoria_leaf_spot,attention,123,0.9738805970149254
Tomato__Septoria_leaf_spot,attention,492,0.968342644320298
Tomato__Septoria_leaf_spot,gating,0,0.9739776951672864
Tomato__Septoria_leaf_spot,gating,1,0.9792843691148776
Tomato__Septoria_leaf_spot,gating,42,0.9611829944547134
Tomato__Septoria_leaf_spot,gating,123,0.9757009345794392
Tomato__Septoria_leaf_spot,gating,492,0.9717514124293786
Tomato__Septoria_leaf_spot,ffs,0,0.9071428571428573
Tomato__Septoria_leaf_spot,ffs,1,0.896551724137931
Tomato__Septoria_leaf_spot,ffs,42,0.8853615520282186
Tomato__Septoria_leaf_spot,ffs,123,0.8758620689655172
Tomato__Septoria_leaf_spot,ffs,492,0.9071428571428573
Tomato__Septoria_leaf_spot,ffc,0,0.8969258589511754
Tomato__Septoria_leaf_spot,ffc,1,0.8846153846153846
Tomato__Septoria_leaf_spot,ffc,42,0.905861456483126
Tomato__Septoria_leaf_spot,ffc,123,0.9009009009009008
Tomato__Septoria_leaf_spot,ffc,492,0.8494983277591973
Tomato__Septoria_leaf_spot,film,0,0.8640275387263339
Tomato__Septoria_leaf_spot,film,1,0.908450704225352
Tomato__Septoria_leaf_spot,film,42,0.8964285714285715
Tomato__Septoria_leaf_spot,film,123,0.8818342151675485
Tomato__Septoria_leaf_spot,film,492,0.8958333333333334
Tomato__Spider_mites Two-spotted_spider_mite,one_stage,0,0.9142857142857144
Tomato__Spider_mites Two-spotted_spider_mite,one_stage,1,0.9135802469135802
Tomato__Spider_mites Two-spotted_spider_mite,one_stage,42,0.8695652173913043
Tomato__Spider_mites Two-spotted_spider_mite,one_stage,123,0.893970893970894
Tomato__Spider_mites Two-spotted_spider_mite,one_stage,492,0.9057377049180328
Tomato__Spider_mites Two-spotted_spider_mite,two_stage,0,0.927536231884058
Tomato__Spider_mites Two-spotted_spider_mite,two_stage,1,0.9314516129032258
Tomato__Spider_mites Two-spotted_spider_mite,two_stage,42,0.931237721021611
Tomato__Spider_mites Two-spotted_spider_mite,two_stage,123,0.9087301587301588
Tomato__Spider_mites Two-spotted_spider_mite,two_stage,492,0.9230769230769232
Tomato__Spider_mites Two-spotted_spider_mite,attention,0,0.9921259842519684
Tomato__Spider_mites Two-spotted_spider_mite,attention,1,0.986247544204322
Tomato__Spider_mites Two-spotted_spider_mite,attention,42,0.9881889763779528
Tomato__Spider_mites Two-spotted_spider_mite,attention,123,0.990138067061144
Tomato__Spider_mites Two-spotted_spider_mite,attention,492,0.9882352941176472
Tomato__Spider_mites Two-spotted_spider_mite,gating,0,0.9766536964980544
Tomato__Spider_mites Two-spotted_spider_mite,gating,1,0.9921259842519684
Tomato__Spider_mites Two-spotted_spider_mite,gating,42,0.984375
Tomato__Spider_mites Two-spotted_spider_mite,gating,123,0.984251968503937
Tomato__Spider_mites Two-spotted_spider_mite,gating,492,0.980544747081712
Tomato__Spider_mites Two-spotted_spider_mite,ffs,0,0.9299610894941636
Tomato__Spider_mites Two-spotted_spider_mite,ffs,1,0.9254901960784314
Tomato__Spider_mites Two-spotted_spider_mite,ffs,42,0.9242718446601942
Tomato__Spider_mites Two-spotted_spider_mite,ffs,123,0.9307692307692308
Tomato__Spider_mites Two-spotted_spider_mite,ffs,492,0.9245647969052224
Tomato__Spider_mites Two-spotted_spider_mite,ffc,0,0.926070038910506
Tomato__Spider_mites Two-spotted_spider_mite,ffc,1,0.9272030651340996
Tomato__Spider_mites Two-spotted_spider_mite,ffc,42,0.9359223300970874
Tomato__Spider_mites Two-spotted_spider_mite,ffc,123,0.926070038910506
Tomato__Spider_mites Two-spotted_spider_mite,ffc,492,0.9142857142857144
Tomato__Spider_mites Two-spotted_spider_mite,film,0,0.9317738791423
Tomato__Spider_mites Two-spotted_spider_mite,film,1,0.92578125
Tomato__Spider_mites Two-spotted_spider_mite,film,42,0.9239766081871345
Tomato__Spider_mites Two-spotted_spider_mite,film,123,0.9266409266409268
Tomato__Spider_mites Two-spotted_spider_mite,film,492,0.9281553398058252
Tomato__Target_Spot,one_stage,0,0.8029556650246306
Tomato__Target_Spot,one_stage,1,0.7907949790794979
Tomato__Target_Spot,one_stage,42,0.7732696897374701
Tomato__Target_Spot,one_stage,123,0.7607361963190185
Tomato__Target_Spot,one_stage,492,0.7971698113207547
Tomato__Target_Spot,two_stage,0,0.8372093023255814
Tomato__Target_Spot,two_stage,1,0.8558352402745996
Tomato__Target_Spot,two_stage,42,0.843956043956044
Tomato__Target_Spot,two_stage,123,0.8325991189427313
Tomato__Target_Spot,two_stage,492,0.8531468531468531
Tomato__Target_Spot,attention,0,0.9671361502347418
Tomato__Target_Spot,attention,1,0.9671361502347418
Tomato__Target_Spot,attention,42,0.965034965034965
Tomato__Target_Spot,attention,123,0.9622641509433962
Tomato__Target_Spot,attention,492,0.9519450800915332
Tomato__Target_Spot,gating,0,0.9696969696969696
Tomato__Target_Spot,gating,1,0.9672897196261684
Tomato__Target_Spot,gating,42,0.9583333333333334
Tomato__Target_Spot,gating,123,0.958139534883721
Tomato__Target_Spot,gating,492,0.9694117647058824
Tomato__Target_Spot,ffs,0,0.7920792079207921
Tomato__Target_Spot,ffs,1,0.8333333333333334
Tomato__Target_Spot,ffs,42,0.819672131147541
Tomato__Target_Spot,ffs,123,0.7943548387096774
Tomato__Target_Spot,ffs,492,0.8298755186721992
Tomato__Target_Spot,ffc,0,0.8294736842105264
Tomato__Target_Spot,ffc,1,0.776
Tomato__Target_Spot,ffc,42,0.8016032064128257
Tomato__Target_Spot,ffc,123,0.8058455114822547
Tomato__Target_Spot,ffc,492,0.7777777777777778
Tomato__Target_Spot,film,0,0.7943548387096774
Tomato__Target_Spot,film,1,0.8008130081300813
Tomato__Target_Spot,film,42,0.7991803278688525
Tomato__Target_Spot,film,123,0.8081632653061225
Tomato__Target_Spot,film,492,0.8410041841004184
Tomato__Tomato_Yellow_Leaf_Curl_Virus,one_stage,0,0.970392749244713
Tomato__Tomato_Yellow_Leaf_Curl_Virus,one_stage,1,0.9755799755799756
Tomato__Tomato_Yellow_Leaf_Curl_Virus,one_stage,42,0.9720873786407768
Tomato__Tomato_Yellow_Leaf_Curl_Virus,one_stage,123,0.9754901960784312
Tomato__Tomato_Yellow_Leaf_Curl_Virus,one_stage,492,0.9709443099273608
Tomato__Tomato_Yellow_Leaf_Curl_Virus,two_stage,0,0.982843137254902
Tomato__Tomato_Yellow_Leaf_Curl_Virus,two_stage,1,0.9750759878419452
Tomato__Tomato_Yellow_Leaf_Curl_Virus,two_stage,42,0.9852216748768472
Tomato__Tomato_Yellow_Leaf_Curl_Virus,two_stage,123,0.9834254143646408
Tomato__Tomato_Yellow_Leaf_Curl_Virus,two_stage,492,0.981039755351682
Tomato__Tomato_Yellow_Leaf_Curl_Virus,attention,0,0.9956548727498448
Tomato__Tomato_Yellow_Leaf_Curl_Virus,attention,1,0.995049504950495
Tomato__Tomato_Yellow_Leaf_Curl_Virus,attention,42,0.996273291925466
Tomato__Tomato_Yellow_Leaf_Curl_Virus,attention,123,0.9907578558225508
Tomato__Tomato_Yellow_Leaf_Curl_Virus,attention,492,0.9907578558225508
Tomato__Tomato_Yellow_Leaf_Curl_Virus,gating,0,0.9956602603843768
Tomato__Tomato_Yellow_Leaf_Curl_Virus,gating,1,0.9962779156327544
Tomato__Tomato_Yellow_Leaf_Curl_Virus,gating,42,0.9907578558225508
Tomato__Tomato_Yellow_Leaf_Curl_Virus,gating,123,0.996273291925466
Tomato__Tomato_Yellow_Leaf_Curl_Virus,gating,492,0.9937965260545906
Tomato__Tomato_Yellow_Leaf_Curl_Virus,ffs,0,0.9876237623762376
Tomato__Tomato_Yellow_Leaf_Curl_Virus,ffs,1,0.9804169298799748
Tomato__Tomato_Yellow_Leaf_Curl_Virus,ffs,42,0.980319803198032
Tomato__Tomato_Yellow_Leaf_Curl_Virus,ffs,123,0.9839307787391842
Tomato__Tomato_Yellow_Leaf_Curl_Virus,ffs,492,0.9858112276372608
Tomato__Tomato_Yellow_Leaf_Curl_Virus,ffc,0,0.9849435382685068
Tomato__Tomato_Yellow_Leaf_Curl_Virus,ffc,1,0.980466288594833
Tomato__Tomato_Yellow_Leaf_Curl_Virus,ffc,42,0.9791666666666666
Tomato__Tomato_Yellow_Leaf_Curl_Virus,ffc,123,0.9849624060150376
Tomato__Tomato_Yellow_Leaf_Curl_Virus,ffc,492,0.9777777777777776
Tomato__Tomato_Yellow_Leaf_Curl_Virus,film,0,0.9690721649484536
Tomato__Tomato_Yellow_Leaf_Curl_Virus,film,1,0.967391304347826
Tomato__Tomato_Yellow_Leaf_Curl_Virus,film,42,0.9701765063907486
Tomato__Tomato_Yellow_Leaf_Curl_Virus,film,123,0.979767014101778
Tomato__Tomato_Yellow_Leaf_Curl_Virus,film,492,0.9785144260282382
Tomato__Tomato_mosaic_virus,one_stage,0,0.7619047619047619
Tomato__Tomato_mosaic_virus,one_stage,1,0.8484848484848485
Tomato__Tomato_mosaic_virus,one_stage,42,0.7887323943661971
Tomato__Tomato_mosaic_virus,one_stage,123,0.7887323943661971
Tomato__Tomato_mosaic_virus,one_stage,492,0.8057553956834532
Tomato__Tomato_mosaic_virus,two_stage,0,0.8615384615384616
Tomato__Tomato_mosaic_virus,two_stage,1,0.896
Tomato__Tomato_mosaic_virus,two_stage,42,0.8484848484848485
Tomato__Tomato_mosaic_virus,two_stage,123,0.8
Tomato__Tomato_mosaic_virus,two_stage,492,0.8057553956834532
Tomato__Tomato_mosaic_virus,attention,0,1.0
Tomato__Tomato_mosaic_virus,attention,1,1.0
Tomato__Tomato_mosaic_virus,attention,42,1.0
Tomato__Tomato_mosaic_virus,attention,123,1.0
Tomato__Tomato_mosaic_virus,attention,492,1.0
Tomato__Tomato_mosaic_virus,gating,0,1.0
Tomato__Tomato_mosaic_virus,gating,1,1.0
Tomato__Tomato_mosaic_virus,gating,42,1.0
Tomato__Tomato_mosaic_virus,gating,123,1.0
Tomato__Tomato_mosaic_virus,gating,492,1.0
Tomato__Tomato_mosaic_virus,ffs,0,0.9310344827586208
Tomato__Tomato_mosaic_virus,ffs,1,0.8852459016393442
Tomato__Tomato_mosaic_virus,ffs,42,0.8943089430894309
Tomato__Tomato_mosaic_virus,ffs,123,0.9
Tomato__Tomato_mosaic_virus,ffs,492,0.9230769230769232
Tomato__Tomato_mosaic_virus,ffc,0,0.9090909090909092
Tomato__Tomato_mosaic_virus,ffc,1,0.9166666666666666
Tomato__Tomato_mosaic_virus,ffc,42,0.9152542372881356
Tomato__Tomato_mosaic_virus,ffc,123,0.9565217391304348
Tomato__Tomato_mosaic_virus,ffc,492,0.9016393442622952
Tomato__Tomato_mosaic_virus,film,0,0.8372093023255814
Tomato__Tomato_mosaic_virus,film,1,0.9256198347107438
Tomato__Tomato_mosaic_virus,film,42,0.88
Tomato__Tomato_mosaic_virus,film,123,0.9152542372881356
Tomato__Tomato_mosaic_virus,film,492,0.907563025210084
Tomato__healthy,one_stage,0,0.8644688644688645
Tomato__healthy,one_stage,1,0.8864059590316573
Tomato__healthy,one_stage,42,0.8164665523156089
Tomato__healthy,one_stage,123,0.8822429906542056
Tomato__healthy,one_stage,492,0.8810408921933085
Tomato__healthy,two_stage,0,0.9506172839506172
Tomato__healthy,two_stage,1,0.9343936381709742
Tomato__healthy,two_stage,42,0.9346534653465348
Tomato__healthy,two_stage,123,0.9547325102880658
Tomato__healthy,two_stage,492,0.951219512195122
Tomato__healthy,attention,0,0.9946435929130614
Tomato__healthy,attention,1,0.9975369458128078
Tomato__healthy,attention,42,0.995049504950495
Tomato__healthy,attention,123,0.9975389663658736
Tomato__healthy,attention,492,0.9971252566735112
Tomato__healthy,gating,0,0.9908940397350994
Tomato__healthy,gating,1,0.9954713874022232
Tomato__healthy,gating,42,0.9938042131350682
Tomato__healthy,gating,123,0.9950454170107348
Tomato__healthy,gating,492,0.9946435929130614
Tomato__healthy,ffs,0,0.9599325179249262
Tomato__healthy,ffs,1,0.9602344077019672
Tomato__healthy,ffs,42,0.9612338474364318
Tomato__healthy,ffs,123,0.960337552742616
Tomato__healthy,ffs,492,0.9619087484303056
Tomato__healthy,ffc,0,0.9643007139857204
Tomato__healthy,ffc,1,0.955937893411666
Tomato__healthy,ffc,42,0.9681742043551088
Tomato__healthy,ffc,123,0.95578231292517
Tomato__healthy,ffc,492,0.9545071609098568
Tomato__healthy,film,0,0.9643449419568824
Tomato__healthy,film,1,0.9507221750212403
Tomato__healthy,film,42,0.9612015018773468
Tomato__healthy,film,123,0.9611366485582952
Tomato__healthy,film,492,0.9630872483221476
