image_id,path,y_true,y_pred,correct,confidence,prob_Leaf_scorch,prob_healthy
b2715a433fb3f5a90f64593d559f5aad,PV_data/Strawberry___Leaf_scorch/0138e78b-9802-43b5-b40e-84c38160418c___RS_L.Scorch 1289.JPG,0,0,True,1.0,1.0,7.30571e-09
6cf274cccf9111b54747787ce5681c0d,PV_data/Strawberry___Leaf_scorch/01d11a79-f858-4e58-9b14-c3f0619af1f7___RS_L.Scorch 0090.JPG,0,0,True,1.0,1.0,7.160586e-11
0d7d139239a0f24044d6a056a41d57e0,PV_data/Strawberry___Leaf_scorch/0212ca0a-a34b-45f1-8a5b-73cde45acee0___RS_L.Scorch 1566.JPG,0,0,True,1.0,1.0,2.556654e-12
37f3987060fad101a86342465729ccf7,PV_data/Strawberry___Leaf_scorch/08adf0a2-b86c-4c0c-b5b3-fcc7ac5447cb___RS_L.Scorch 1165.JPG,0,0,True,0.9999999,0.9999999,6.0595724e-08
7252c99a4d98ea63df92aa1fcb6b78ab,PV_data/Strawberry___Leaf_scorch/0b440206-f9aa-463a-9c52-3bc5721fdcb5___RS_L.Scorch 9927.JPG,0,0,True,1.0,1.0,9.645978e-10
19c6ef04c59d76ea145e9d0778d21a6d,PV_data/Strawberry___Leaf_scorch/0e30a013-04c1-4936-b8b3-1eeaa65cfaac___RS_L.Scorch 1559.JPG,0,0,True,1.0,1.0,2.856626e-14
4727fac2ef6a5ba3e5ac5f4067e1fd0c,PV_data/Strawberry___Leaf_scorch/1081bac8-4ff2-4025-8328-446284666d47___RS_L.Scorch 1171.JPG,0,0,True,1.0,1.0,2.7922056e-09
af91bccb4e35029130fbf81ab10e1625,PV_data/Strawberry___Leaf_scorch/13d5364a-7ac5-4c5f-9cf1-23c64499a620___RS_L.Scorch 1342.JPG,0,0,True,1.0,1.0,1.9715652e-14
bd23dfcb262dddc8a2d60f37b582743c,PV_data/Strawberry___Leaf_scorch/14d239f5-d25b-4512-b0f2-65817b9144ca___RS_L.Scorch 1318.JPG,0,0,True,1.0,1.0,4.8471e-15
4a47618a8374247178c405b11aceed62,PV_data/Strawberry___Leaf_scorch/1620e450-abe8-4618-a48b-3ca16971d120___RS_L.Scorch 1241.JPG,0,0,True,0.99999964,0.99999964,3.0207838e-07
08cae083a1bf07645ecf390ec9ae7c37,PV_data/Strawberry___Leaf_scorch/167092ad-3447-4720-8c84-1f7fd5b25e7e___RS_L.Scorch 1269.JPG,0,0,True,1.0,1.0,6.835484e-14
f6fdd6e8803a5bcd487bde50f12c7828,PV_data/Strawberry___Leaf_scorch/1733ec78-998c-4af9-81b3-d2ad994710ef___RS_L.Scorch 1528.JPG,0,0,True,1.0,1.0,1.5905926e-13
b24e96d566796471c1801a971799b9b9,PV_data/Strawberry___Leaf_scorch/1ae1d3c0-fba3-49a0-a7ff-0619e7596a6c___RS_L.Scorch 0986.JPG,0,0,True,1.0,1.0,1.8309086e-08
3093981edd58370a95aa5802a1dcfae8,PV_data/Strawberry___Leaf_scorch/1b5b28f8-0f91-4c06-9947-022928bc2cee___RS_L.Scorch 1331.JPG,0,0,True,1.0,1.0,1.2186423e-10
7c9a62c2a2afa0bfb1304fc7c316299b,PV_data/Strawberry___Leaf_scorch/1ba17895-c6a5-404a-967c-ef33d16a5b65___RS_L.Scorch 0108.JPG,0,0,True,0.9999999,0.9999999,8.486843e-08
652db4870306f8395a1704d6cd9a0d6c,PV_data/Strawberry___Leaf_scorch/1d3d9fb0-9c00-4763-b023-8fa65f591940___RS_L.Scorch 1336.JPG,0,0,True,1.0,1.0,6.0312214e-11
6942c02a0d9ed86637c8c5fa20c637b9,PV_data/Strawberry___Leaf_scorch/1dd884ae-812c-4330-b1c2-c12385e326d6___RS_L.Scorch 0110.JPG,0,0,True,1.0,1.0,1.0831002e-09
d54cc5aaaf36b527b19edd367d01b316,PV_data/Strawberry___Leaf_scorch/205d3119-0818-4119-8f69-494102bdb5f7___RS_L.Scorch 1004.JPG,0,0,True,1.0,1.0,1.00864026e-13
3564d07dd8d04fbf391342dbf4f73fb4,PV_data/Strawberry___Leaf_scorch/231ee42e-ca7b-4c1f-9272-b963d445a966___RS_L.Scorch 9908.JPG,0,0,True,1.0,1.0,1.2719096e-17
0e508bfa7150c641bd7245872c9ccb63,PV_data/Strawberry___Leaf_scorch/233640f5-3b34-4739-9c80-9052872bc7b6___RS_L.Scorch 1447.JPG,0,0,True,0.9999999,0.9999999,1.2450201e-07
1cee1ed0a3df286c79537b6072ca2e45,PV_data/Strawberry___Leaf_scorch/247833b5-b655-418d-80c8-72fa4889dc5b___RS_L.Scorch 9978.JPG,0,0,True,1.0,1.0,1.7136008e-08
8a908845efde3da5dfa9a62ab062ce61,PV_data/Strawberry___Leaf_scorch/2611a7e0-088c-4865-ad86-736e400e05f6___RS_L.Scorch 1226.JPG,0,0,True,1.0,1.0,6.8197265e-14
6a7cd4c370853e051638a40aa5642269,PV_data/Strawberry___Leaf_scorch/26770e6d-12cb-4923-8828-75e0ba9d2ab8___RS_L.Scorch 1267.JPG,0,0,True,1.0,1.0,2.0420166e-11
f74235c44a8b85a19072b44356915127,PV_data/Strawberry___Leaf_scorch/2794f151-67b4-409c-a886-903a524b5345___RS_L.Scorch 0022.JPG,0,0,True,1.0,1.0,2.938963e-14
853f133bee738d7ed57d37c0263d1e0f,PV_data/Strawberry___Leaf_scorch/290609a6-2e60-46b3-986e-1af09ff21e57___RS_L.Scorch 0863.JPG,0,0,True,1.0,1.0,4.31219e-13
46ff1a0380bcb4eb213c86eb2b40f3e9,PV_data/Strawberry___Leaf_scorch/2ca86722-3dd1-41ae-adcd-cc7b7c62f7b3___RS_L.Scorch 0043.JPG,0,0,True,1.0,1.0,5.1039217e-14
6491234d4f764590154f3e4c36c5e96e,PV_data/Strawberry___Leaf_scorch/2ccd8529-b99b-4ada-81c8-f9ae6e25cf3e___RS_L.Scorch 1014.JPG,0,0,True,1.0,1.0,8.414319e-10
b87f465a50e8083c85655c69554efd60,PV_data/Strawberry___Leaf_scorch/2d2e27fa-2a4e-4d04-8d87-2b65a97720fc___RS_L.Scorch 1452.JPG,0,0,True,0.9999995,0.9999995,4.6513247e-07
2dc9ad9b891224b74435b825d7b533d7,PV_data/Strawberry___Leaf_scorch/2dd283a8-54e6-4676-ac5b-76e548a4ca82___RS_L.Scorch 1346.JPG,0,0,True,1.0,1.0,7.331289e-11
389e2754955caad3a4f8ef7e7c177147,PV_data/Strawberry___Leaf_scorch/2e15fb16-79b2-4075-b223-36defe940a70___RS_L.Scorch 1486.JPG,0,0,True,1.0,1.0,1.0603636e-13
e586b1e4d76e87fe6d6c3a0f898f6861,PV_data/Strawberry___Leaf_scorch/2f7b3f6a-9035-4d93-9b5c-b0236fca8598___RS_L.Scorch 1303.JPG,0,0,True,1.0,1.0,4.4644982e-11
ac52cee7e3d5b708606fad9110ddf70d,PV_data/Strawberry___Leaf_scorch/2f85af8e-0d83-4557-93a0-edfa85db9753___RS_L.Scorch 1439.JPG,0,0,True,1.0,1.0,1.2474772e-14
12181659590a1b3d17225bfe5197122c,PV_data/Strawberry___Leaf_scorch/33456e3e-53a3-4be9-be9c-64fe7cd821a8___RS_L.Scorch 1355.JPG,0,0,True,1.0,1.0,7.984364e-13
af812063651172a98113d537c5ad4317,PV_data/Strawberry___Leaf_scorch/352d0a20-cefd-4829-87d3-aefc65f46901___RS_L.Scorch 1389.JPG,0,0,True,0.9999919,0.9999919,8.121735e-06
89e5e8119f12d36fc98a7a2a1892dde5,PV_data/Strawberry___Leaf_scorch/35afe275-3d26-4f6c-9c35-2a8c76fad8eb___RS_L.Scorch 1262.JPG,0,0,True,1.0,1.0,1.718515e-14
3534b20b94390ae25d7e068aac16f774,PV_data/Strawberry___Leaf_scorch/377d90b2-9fa5-4c5e-9345-590d7c905750___RS_L.Scorch 1286.JPG,0,0,True,1.0,1.0,2.1918905e-13
b935f5c094fbcff352c8e00f590b3a04,PV_data/Strawberry___Leaf_scorch/39966ab3-c455-4ca2-ac9b-b3c4317ec37f___RS_L.Scorch 1329.JPG,0,0,True,1.0,1.0,5.598597e-13
c705e7843cb869e8f9cc7cacd0c4ca88,PV_data/Strawberry___Leaf_scorch/3b44d2b5-fc5a-497c-92fb-1068e323c67e___RS_L.Scorch 1569.JPG,0,0,True,1.0,1.0,3.257839e-16
279a076d76e8dceee72b4255679e456d,PV_data/Strawberry___Leaf_scorch/3b9454d1-8c70-4bca-ba30-60689208c217___RS_L.Scorch 1245.JPG,0,0,True,1.0,1.0,4.002337e-16
b080dca538bdd7635b547dde276fe74b,PV_data/Strawberry___Leaf_scorch/3cefe53f-b1ff-4d34-9ecb-825f260e720d___RS_L.Scorch 1436.JPG,0,0,True,0.9999999,0.9999999,1.6080489e-07
a335a137912f8a91f6b3e77f50dbf5db,PV_data/Strawberry___Leaf_scorch/3cfcfd90-0c54-433e-addc-f9e2d30ae27c___RS_L.Scorch 1211.JPG,0,0,True,1.0,1.0,4.887515e-10
247614cfdf29c963e0e9ddfbd212a103,PV_data/Strawberry___Leaf_scorch/3d2e77df-cf60-4736-9640-0939c88b89a2___RS_L.Scorch 1418.JPG,0,0,True,1.0,1.0,1.0728329e-08
c692d48b1df2c4344432962bea536098,PV_data/Strawberry___Leaf_scorch/3f21964d-583e-4773-9922-8f1cbc8c0e02___RS_L.Scorch 1377.JPG,0,0,True,1.0,1.0,6.6855934e-09
0eb3a1c696580daea3e5332eca444022,PV_data/Strawberry___Leaf_scorch/42579a41-271a-420c-84df-fe08213c3600___RS_L.Scorch 0103.JPG,0,0,True,1.0,1.0,1.2575012e-10
87f196b502c4ac6530d0c032e0b564a8,PV_data/Strawberry___Leaf_scorch/4aa8cc68-a343-45b7-8ef7-c7a15c050076___RS_L.Scorch 1189.JPG,0,0,True,1.0,1.0,5.555753e-08
f4be8d9962bec96fe767b034fa2b8a85,PV_data/Strawberry___Leaf_scorch/4b03e1ad-335c-41d7-bff8-ee91ee97a164___RS_L.Scorch 1275.JPG,0,0,True,1.0,1.0,2.9048989e-15
d51d97c1202285b10af3931ba0335448,PV_data/Strawberry___Leaf_scorch/4b1e034b-d3c8-4db4-a105-258cbd1227fb___RS_L.Scorch 9906.JPG,0,0,True,0.9999614,0.9999614,3.857923e-05
7ec0fb650cd5718be05e637cd691bdec,PV_data/Strawberry___Leaf_scorch/4c817438-77b9-4b33-b272-6be7a49863de___RS_L.Scorch 1570.JPG,0,0,True,1.0,1.0,4.42019e-16
07bfbe066f845d22c284bc7376d7536a,PV_data/Strawberry___Leaf_scorch/4da9a515-440d-495b-8969-320b27b460be___RS_L.Scorch 1442.JPG,0,0,True,1.0,1.0,3.551273e-10
cd2601eec131c209bc9d4d4886d2da90,PV_data/Strawberry___Leaf_scorch/4ed944ee-0eb1-42e5-9346-f6e519dd8c94___RS_L.Scorch 0017.JPG,0,0,True,0.9999999,0.9999999,6.336705e-08
5eaf12070febb325767b69874fa31811,PV_data/Strawberry___Leaf_scorch/4f89ed72-202f-4357-b15e-246999c59d03___RS_L.Scorch 0004.JPG,0,0,True,0.9999995,0.9999995,5.1833933e-07
0638d76c109effb93cf9ffeec887baf0,PV_data/Strawberry___Leaf_scorch/50ef3cab-ca8a-4c59-854f-8b84e68f6da2___RS_L.Scorch 9909.JPG,0,0,True,1.0,1.0,2.4157995e-08
88f617539d2341aeaf570bf7a4f6ab8f,PV_data/Strawberry___Leaf_scorch/51d08a3c-0a36-472d-9079-06e4746488b5___RS_L.Scorch 0052.JPG,0,0,True,1.0,1.0,1.1769145e-13
ee0709bb35154f01692479bc661238df,PV_data/Strawberry___Leaf_scorch/5275bc15-41ca-481d-a3af-c347b861985a___RS_L.Scorch 1148.JPG,0,0,True,1.0,1.0,9.499403e-10
dcadb29981ae5a1dbc5854485453b3c2,PV_data/Strawberry___Leaf_scorch/5297eecc-3b42-42e6-87af-d01be13b3052___RS_L.Scorch 9910.JPG,0,0,True,1.0,1.0,1.1833269e-10
02bc34e49660961e57d24a07591a28e4,PV_data/Strawberry___Leaf_scorch/5392e86c-d767-44f7-8043-8f90f970082a___RS_L.Scorch 1435.JPG,0,0,True,0.9999999,0.9999999,8.947784e-08
b1b9ec9f508e44e54425f852106b843c,PV_data/Strawberry___Leaf_scorch/5448ed57-944c-47d5-b35a-d1f85dc5bb25___RS_L.Scorch 1475.JPG,0,0,True,1.0,1.0,3.323058e-08
0317535cd22ed52cde16a0806de6037c,PV_data/Strawberry___Leaf_scorch/55f79b76-619c-4fad-8fbd-1663a4c13f2f___RS_L.Scorch 9935.JPG,0,0,True,1.0,1.0,1.8198881e-13
98767a68a98a8fc50aee52a5d2a50106,PV_data/Strawberry___Leaf_scorch/5867b5d9-82bb-4e7f-aeb6-605ce7740708___RS_L.Scorch 0934.JPG,0,0,True,1.0,1.0,1.3667964e-11
52c391344657a738c6685408b4c8b35c,PV_data/Strawberry___Leaf_scorch/59def4d2-f75f-4550-875a-adafdf5b4ab9___RS_L.Scorch 0976.JPG,0,0,True,1.0,1.0,5.628022e-12
10fbe9a6db513c73a7732299192498d9,PV_data/Strawberry___Leaf_scorch/5f6ead43-4a36-4bd6-8ee6-75f405a40e67___RS_L.Scorch 0807.JPG,0,0,True,1.0,1.0,9.225146e-12
3a69602f653d9bf5c6a2161dbb838e54,PV_data/Strawberry___Leaf_scorch/5f802b75-c5c1-4ed2-a889-440f83bb0c1c___RS_L.Scorch 1115.JPG,0,0,True,0.99999714,0.99999714,2.9185187e-06
b7ead314ae69b5e03f1526f3f33e7f06,PV_data/Strawberry___Leaf_scorch/5fb14034-b8e8-4f6a-81cf-6e34bf60292f___RS_L.Scorch 0023.JPG,0,0,True,1.0,1.0,2.740645e-09
89e31b24a96f3e7104b135ee311501a9,PV_data/Strawberry___Leaf_scorch/62114343-a924-445c-9a9a-9103fc797414___RS_L.Scorch 0116.JPG,0,0,True,0.9999999,0.9999999,1.7202132e-07
9d13acf068230e705be5f0b103c2b9ea,PV_data/Strawberry___Leaf_scorch/638c2ec7-0381-4b70-8b84-8b270e70cd87___RS_L.Scorch 1085.JPG,0,0,True,1.0,1.0,4.985614e-10
b2fc153538f0fdac1a7bc57c5e3cf7f2,PV_data/Strawberry___Leaf_scorch/63ac5f8d-e2bb-499c-8833-692d4ac53ea8___RS_L.Scorch 0014.JPG,0,0,True,0.9999993,0.9999993,7.178304e-07
bd4e718b847a66eac1dc679d0018105f,PV_data/Strawberry___Leaf_scorch/69c4b7e0-1d86-488b-9ac7-4bcbde03891a___RS_L.Scorch 0124.JPG,0,0,True,1.0,1.0,4.8936476e-12
bf75de99756321cdfe774488efdafe76,PV_data/Strawberry___Leaf_scorch/6a29fa42-1de4-4f30-9b59-961793ae719f___RS_L.Scorch 1317.JPG,0,0,True,1.0,1.0,1.0843322e-09
bd40b42f69c70e4da66f6cb2e791cfc2,PV_data/Strawberry___Leaf_scorch/6a6590c0-f929-4e31-b532-f9990c5db9fa___RS_L.Scorch 9902.JPG,0,0,True,0.9999999,0.9999999,7.169124e-08
91895b2cac810950e4cae4136b41af6f,PV_data/Strawberry___Leaf_scorch/6b5b0495-3fa5-4da0-894b-3a0ec775a0fd___RS_L.Scorch 1233.JPG,0,0,True,1.0,1.0,3.145533e-10
c08900cdd8c81a13fde13e194e72b321,PV_data/Strawberry___Leaf_scorch/6c1b8a7b-f7c3-4c9d-b04d-c9885df5ed31___RS_L.Scorch 0818.JPG,0,0,True,1.0,1.0,1.9088382e-17
c7b779fc09bde46f44aa0547cb8d5d4a,PV_data/Strawberry___Leaf_scorch/6daf8783-ab4d-451e-8aaf-00e29b23e29a___RS_L.Scorch 0009.JPG,0,0,True,0.9999999,0.9999999,6.024067e-08
568476e0fc23f41ed90d12490cb79683,PV_data/Strawberry___Leaf_scorch/71084f02-55a0-4b60-9ae9-2ea16df6bb93___RS_L.Scorch 0147.JPG,0,0,True,1.0,1.0,2.1514582e-11
33bdfb1c39434d80f4db12fa1d420b29,PV_data/Strawberry___Leaf_scorch/73c28c4a-6899-404e-a107-39445bc7be09___RS_L.Scorch 1091.JPG,0,0,True,1.0,1.0,2.0036306e-09
553717e3b56aea771377b043990b2e33,PV_data/Strawberry___Leaf_scorch/74dfe939-0365-47e6-ab39-9fb2b656cf39___RS_L.Scorch 1323.JPG,0,0,True,1.0,1.0,5.942225e-11
d2424d35ed452837a0f772221f1e8e4d,PV_data/Strawberry___Leaf_scorch/752d3a4c-a828-43ed-8256-28586b1fc0b9___RS_L.Scorch 1200.JPG,0,0,True,0.9999999,0.9999999,1.6921118e-07
8208028488a87874746c0af4fabbfc0a,PV_data/Strawberry___Leaf_scorch/765973d5-5323-4f69-82f8-0bae219a58c2___RS_L.Scorch 1054.JPG,0,0,True,1.0,1.0,4.402063e-14
5d3f50943e8736c24648b09ab57bbbf5,PV_data/Strawberry___Leaf_scorch/771dd036-852e-4e99-83c4-900bf47f2204___RS_L.Scorch 1018.JPG,0,0,True,0.99999964,0.99999964,3.8129227e-07
6edac36512366591c110bfac030bba21,PV_data/Strawberry___Leaf_scorch/796d0728-f68f-42c4-8b06-277b9ba2fd78___RS_L.Scorch 1265.JPG,0,0,True,1.0,1.0,1.6594812e-13
7963fcd08d257ce8ed1c3daeb5d6facb,PV_data/Strawberry___Leaf_scorch/79c2506c-98e7-4e81-8daa-cc30fcc19436___RS_L.Scorch 9925.JPG,0,0,True,1.0,1.0,3.2435133e-18
d009114dba38d19a5f656867452bc8a1,PV_data/Strawberry___Leaf_scorch/7ac5bc30-d798-4205-a5a6-1235eae3a66d___RS_L.Scorch 1533.JPG,0,0,True,1.0,1.0,8.3474855e-10
d7504519a91f16c428ee1d2c18497f1d,PV_data/Strawberry___Leaf_scorch/7be1959f-ca02-4477-95fb-974da4ff1ae0___RS_L.Scorch 0798.JPG,0,0,True,1.0,1.0,1.5017701e-12
a1b25b2b3a8a1cbb8fe3efc5ff6ba51a,PV_data/Strawberry___Leaf_scorch/7c249f1b-15d5-4424-91cd-58b52e01cfdb___RS_L.Scorch 1141.JPG,0,0,True,1.0,1.0,1.3389196e-14
c5163efd51a538dd204697a902ca6d07,PV_data/Strawberry___Leaf_scorch/7eb374a1-3a32-407d-85e0-1af8574dc3cd___RS_L.Scorch 0849.JPG,0,0,True,1.0,1.0,1.0794332e-13
c3eb2625b9f284cf8cc82076fa88e919,PV_data/Strawberry___Leaf_scorch/7ed6d819-67a3-47e9-a896-6c7898839b5d___RS_L.Scorch 1011.JPG,0,0,True,1.0,1.0,1.2443334e-10
2c2be004b4cfeefc335b21c7c6e70c07,PV_data/Strawberry___Leaf_scorch/7ef68428-ae8f-4cf6-b72a-8ebfb3e838b4___RS_L.Scorch 1235.JPG,0,0,True,0.9999968,0.9999968,3.2780592e-06
76a7c71a1ec96d1903bf91c657cbbbd8,PV_data/Strawberry___Leaf_scorch/82e90e0f-5a50-4e12-81ee-ec8cd13fc678___RS_L.Scorch 0924.JPG,0,0,True,0.99999976,0.99999976,2.3024349e-07
7ff176b7e67a13ae1745050a0a4be75e,PV_data/Strawberry___Leaf_scorch/83178057-79d0-46ab-ad87-858829d76aa2___RS_L.Scorch 0006.JPG,0,0,True,1.0,1.0,1.5012275e-10
55fd3d725736a967f4c6d336908dd78d,PV_data/Strawberry___Leaf_scorch/83c52095-d426-4f63-835f-215547a65ea0___RS_L.Scorch 9926.JPG,0,0,True,1.0,1.0,2.1507864e-10
3231af10d175ea34503c089046d2eade,PV_data/Strawberry___Leaf_scorch/84b41aa3-4e4f-42a7-890b-db2892047331___RS_L.Scorch 1562.JPG,0,0,True,1.0,1.0,2.1367364e-18
d241373cc5f5ef4da207218b8b4973ad,PV_data/Strawberry___Leaf_scorch/86396da0-dc0b-4937-8946-e828f5a024de___RS_L.Scorch 0115.JPG,0,0,True,0.9999865,0.9999865,1.3490923e-05
18b915041da60817d9f08a5851863f6f,PV_data/Strawberry___Leaf_scorch/87d9330d-9284-47af-8210-ad6f06a7f64d___RS_L.Scorch 1232.JPG,0,0,True,1.0,1.0,1.7284079e-12
4dc245735523ecb700df514fd5369302,PV_data/Strawberry___Leaf_scorch/8af1ca11-3d9e-4ed7-99c4-ff906f04f634___RS_L.Scorch 0853.JPG,0,0,True,1.0,1.0,8.997696e-14
72428b534021b0eef9def37d81ebef08,PV_data/Strawberry___Leaf_scorch/8c5f9d15-9940-4523-a214-26eff4674724___RS_L.Scorch 0828.JPG,0,0,True,1.0,1.0,9.711195e-11
2a8dac7d25e7daf9c2199850983a38f2,PV_data/Strawberry___Leaf_scorch/8fcd1d14-b91c-4d1b-9c8b-db4fdd59ce5a___RS_L.Scorch 0118.JPG,0,0,True,1.0,1.0,2.14674e-11
8ce6a6321ea77aedd11e01d2ade045b8,PV_data/Strawberry___Leaf_scorch/9000b097-ea05-452f-bbbd-b8a156c9a779___RS_L.Scorch 0041.JPG,0,0,True,1.0,1.0,3.7124793e-13
12bf0db9daf4b1f904f4bff38508dacb,PV_data/Strawberry___Leaf_scorch/90997894-f4c1-4489-860c-bc0a0662130a___RS_L.Scorch 0112.JPG,0,0,True,1.0,1.0,1.3978865e-14
71d3d1262221cee1842847382a01f2d1,PV_data/Strawberry___Leaf_scorch/91795b04-c65c-4a0e-99d0-793b797ed3c4___RS_L.Scorch 9971.JPG,0,0,True,1.0,1.0,1.6293432e-10
1751fb9e34a8f667080061ec7ad3c445,PV_data/Strawberry___Leaf_scorch/9325f598-aa0c-4531-9351-27764db5aae3___RS_L.Scorch 1191.JPG,0,0,True,0.9999999,0.9999999,6.01813e-08
caab58088b960a5f39d3540fa9788636,PV_data/Strawberry___Leaf_scorch/93e0b7bd-ec6a-425f-b365-b66f4af7cb52___RS_L.Scorch 0933.JPG,0,0,True,1.0,1.0,5.5314515e-13
a587b2ed7175f833b94bddccc15c7a75,PV_data/Strawberry___Leaf_scorch/951c42f8-6f8d-4191-9723-55a76eec222f___RS_L.Scorch 0812.JPG,0,0,True,1.0,1.0,1.1916495e-08
ade733e9c4e6217aaf2f755f8c133441,PV_data/Strawberry___Leaf_scorch/954f4764-c75e-41e3-a7d7-ae2b3aaba672___RS_L.Scorch 1291.JPG,0,0,True,1.0,1.0,5.755663e-09
7d60a121e07cb1b771a2bf8f8c1f794f,PV_data/Strawberry___Leaf_scorch/968c98c8-d748-4b1c-ab29-fc68f250da46___RS_L.Scorch 0024.JPG,0,0,True,1.0,1.0,1.378007e-12
d3695daf6aed342ffa856ade207dddbd,PV_data/Strawberry___Leaf_scorch/9b496567-3855-496d-8113-d4947f93c300___RS_L.Scorch 0876.JPG,0,0,True,1.0,1.0,2.1402111e-11
0d00e7c50e26c6709412c17397d4ca63,PV_data/Strawberry___Leaf_scorch/9c9af338-d0e6-4fe2-b403-c9706a6aff9b___RS_L.Scorch 0122.JPG,0,0,True,1.0,1.0,1.1166493e-15
c8230dec21b561183938f1b41e09531b,PV_data/Strawberry___Leaf_scorch/9cf4b587-8733-4b7a-a036-f0559e66f10a___RS_L.Scorch 1467.JPG,0,0,True,1.0,1.0,5.0723383e-08
62ef8e92754762afce5d1a4d3003c910,PV_data/Strawberry___Leaf_scorch/a05dda9f-58c7-4b6c-90c2-1dcb84d80322___RS_L.Scorch 1016.JPG,0,0,True,1.0,1.0,1.6840752e-09
6b02027fc526557dad3c2b1f315b1f43,PV_data/Strawberry___Leaf_scorch/a45656fb-2251-4748-be24-527e4fb37c6f___RS_L.Scorch 0927.JPG,0,0,True,1.0,1.0,9.185173e-11
8f11e15fdc0694adedec98967113e334,PV_data/Strawberry___Leaf_scorch/a4b70461-267f-4806-9e18-405e62f80bdb___RS_L.Scorch 1340.JPG,0,0,True,1.0,1.0,1.0445861e-12
d530663a2e45a72dbf6189f03383bca3,PV_data/Strawberry___Leaf_scorch/a573390c-b351-4531-8985-46eebd625999___RS_L.Scorch 1563.JPG,0,0,True,1.0,1.0,1.8438075e-13
a87f047e4b211ed50adba3e354fa1141,PV_data/Strawberry___Leaf_scorch/a5834394-fed3-4cc1-a6f5-496137f2a3de___RS_L.Scorch 0983.JPG,0,0,True,1.0,1.0,9.25099e-13
24a72c128569a5603a59a473f6e4c3a2,PV_data/Strawberry___Leaf_scorch/a636ff9a-76f7-4c89-a33c-9ba88dae2e80___RS_L.Scorch 1568.JPG,0,0,True,1.0,1.0,5.251609e-16
26e4af6b64bc74fd7f329b61182d4d72,PV_data/Strawberry___Leaf_scorch/ae29ceb2-6460-49dd-9590-23012292ddee___RS_L.Scorch 0879.JPG,0,0,True,1.0,1.0,2.4943728e-12
cb3bb12b998fbfaf19d2304ac920f512,PV_data/Strawberry___Leaf_scorch/afc3d229-2150-4ce3-8f3f-ef06ccb7a6e5___RS_L.Scorch 1153.JPG,0,0,True,0.9999956,0.9999956,4.4307862e-06
5414cb868eb6a38226df90600c292934,PV_data/Strawberry___Leaf_scorch/b0046a5b-152e-46df-a369-b96ccffd1dca___RS_L.Scorch 0799.JPG,0,0,True,1.0,1.0,8.298578e-13
8beaf7977f4aa10d77f0daf7a468943b,PV_data/Strawberry___Leaf_scorch/b02ec56b-cce6-4e02-b2c1-736279aba430___RS_L.Scorch 0875.JPG,0,0,True,1.0,1.0,7.00574e-11
1aafd8e6502afc862effc73abd43ca3f,PV_data/Strawberry___Leaf_scorch/b085a0c8-9a1d-4114-ad47-98f791a18012___RS_L.Scorch 1266.JPG,0,0,True,1.0,1.0,3.2782e-14
16cc30ebe4cba2a1fff8e43640aae240,PV_data/Strawberry___Leaf_scorch/b192b930-a9ac-4e0a-be27-ccab87b6078a___RS_L.Scorch 1474.JPG,0,0,True,1.0,1.0,1.929688e-11
7a6370b559c070116db3ac19243aee54,PV_data/Strawberry___Leaf_scorch/b1b73b37-b125-4538-b3ef-419982e266b3___RS_L.Scorch 1367.JPG,0,0,True,1.0,1.0,1.3616775e-12
c9cddd0dc9726b78035198d8e8e320b7,PV_data/Strawberry___Leaf_scorch/b492f881-f7dd-4d77-ad1b-e46a9b0b9b2c___RS_L.Scorch 1399.JPG,0,0,True,1.0,1.0,5.4892346e-16
3ece7c4ebcc2ed1d232f08be4b3f4be4,PV_data/Strawberry___Leaf_scorch/b4f9293b-406b-4be2-8273-5329faac034c___RS_L.Scorch 0923.JPG,0,0,True,1.0,1.0,3.011639e-10
d36aed69281a3a7793c9044fda34ddc9,PV_data/Strawberry___Leaf_scorch/b56e74f4-6cdf-4476-8759-817fa8e58439___RS_L.Scorch 0117.JPG,0,0,True,0.9999951,0.9999951,4.9382515e-06
76dfd6ee6316df143d7c57b2dd562fb3,PV_data/Strawberry___Leaf_scorch/b58e0aef-3894-4ea4-871c-7672547d9e2d___RS_L.Scorch 1144.JPG,0,0,True,1.0,1.0,1.7631165e-12
daaf4b4bf4a486038c7edf00b8b117a0,PV_data/Strawberry___Leaf_scorch/ba16fdd7-f417-41ad-96ad-0381971cf9a6___RS_L.Scorch 1330.JPG,0,0,True,0.99999833,0.99999833,1.7113247e-06
4f5757108f87dae029f931a246937f0f,PV_data/Strawberry___Leaf_scorch/bac7e233-53f0-42bd-bc2a-3927e6029c33___RS_L.Scorch 1576.JPG,0,0,True,1.0,1.0,2.1087316e-14
cf4bd7b4e047891671c0b2f77eee784a,PV_data/Strawberry___Leaf_scorch/bbf5cb98-385e-42b0-b3c1-1762ab684daa___RS_L.Scorch 1034.JPG,0,0,True,1.0,1.0,3.9526096e-08
b11ba3b9a7fda2899790709532eee503,PV_data/Strawberry___Leaf_scorch/bc27498b-e23c-4f4f-b2ac-5202de687ef5___RS_L.Scorch 9955.JPG,0,0,True,1.0,1.0,5.211651e-10
c48f3b569bb0beba1bdb6c7273f98c09,PV_data/Strawberry___Leaf_scorch/bc51e069-f8e3-40c7-9357-ce4811551c8f___RS_L.Scorch 1119.JPG,0,0,True,1.0,1.0,1.6340325e-11
7c80470575707cef75f9951b8bf3af0f,PV_data/Strawberry___Leaf_scorch/bdbe8588-e5e2-427b-8b56-834cb6212fe5___RS_L.Scorch 0085.JPG,0,0,True,1.0,1.0,4.599775e-10
1cea674f1f2e6b8f38b2888c872cd846,PV_data/Strawberry___Leaf_scorch/bdf0a747-3514-46fc-9d9f-5f23c8546209___RS_L.Scorch 1388.JPG,0,0,True,0.9996894,0.9996894,0.00031059273
2396a79a25bd8a02b6ba29b288640a4a,PV_data/Strawberry___Leaf_scorch/bdfbcdc7-71b3-474f-b437-1c4da0a68966___RS_L.Scorch 1096.JPG,0,0,True,1.0,1.0,3.812178e-13
7f580cb82d5d20af40277a9ef19cb6cf,PV_data/Strawberry___Leaf_scorch/c29a0891-d843-4861-8e09-47e4405d1176___RS_L.Scorch 1417.JPG,0,0,True,0.9999999,0.9999999,1.5475784e-07
2a6390fe1075573b44e3d22d8e1ece6f,PV_data/Strawberry___Leaf_scorch/c883953a-0380-4952-8eb4-35579bcff94b___RS_L.Scorch 0925.JPG,0,0,True,1.0,1.0,4.8676778e-11
29966f0f2960baa4942d4f02c5beb932,PV_data/Strawberry___Leaf_scorch/c9a74c08-bc2f-4e29-8287-e1d33018cdfa___RS_L.Scorch 1591.JPG,0,0,True,1.0,1.0,1.7948115e-11
91bfd969a502012b80ec53df568441fa,PV_data/Strawberry___Leaf_scorch/ca7e294b-5d3c-48ca-b65f-f8de011ba288___RS_L.Scorch 0060.JPG,0,0,True,1.0,1.0,2.0226127e-14
18569db9541783ce9139877eab2f9139,PV_data/Strawberry___Leaf_scorch/cbec0dde-a302-4a91-b260-058ec4e7dfae___RS_L.Scorch 1201.JPG,0,0,True,0.99999976,0.99999976,1.931879e-07
affea8662baca4c296933d13c2333d66,PV_data/Strawberry___Leaf_scorch/ccacc967-db99-4d29-a7cf-505cfc497eaa___RS_L.Scorch 1572.JPG,0,0,True,1.0,1.0,3.7032148e-13
a5b5b53d02d6195e57534f0c96e3a6a2,PV_data/Strawberry___Leaf_scorch/d1143390-e5d3-44e7-a1c6-dfeb40da8eb0___RS_L.Scorch 1254.JPG,0,0,True,1.0,1.0,4.0169756e-12
71c652afcd1742226d36ce16404e9cf6,PV_data/Strawberry___Leaf_scorch/d4607fbf-6b84-42e4-8188-0c791c22037b___RS_L.Scorch 0141 copy.jpg,0,0,True,0.9999894,0.9999894,1.0647953e-05
80ac350e71cd18df8e9d84ba388f9d92,PV_data/Strawberry___Leaf_scorch/d60041fc-99d3-40ad-adaa-ab4e966d583e___RS_L.Scorch 1133.JPG,0,0,True,1.0,1.0,4.7108976e-20
1d90c69ca12b5458bf4f3c08e51c108f,PV_data/Strawberry___Leaf_scorch/d6de134e-978b-4e4e-8a67-4138560b1b71___RS_L.Scorch 1095.JPG,0,0,True,1.0,1.0,1.1430652e-10
747ee07948a735c40019e4e67a38020f,PV_data/Strawberry___Leaf_scorch/d75b11d5-4be2-4543-a2cf-11d1aed9755b___RS_L.Scorch 0999.JPG,0,0,True,1.0,1.0,1.4303305e-09
d29b1c388d3f57395b7338fe927c689d,PV_data/Strawberry___Leaf_scorch/db238286-1537-4631-ab74-f79dc170e19c___RS_L.Scorch 1305.JPG,0,0,True,1.0,1.0,1.2462811e-10
a0bd52e96b3f1b5564e8fc127cf14407,PV_data/Strawberry___Leaf_scorch/ddefe390-309b-4b93-8feb-76c06bb25dd0___RS_L.Scorch 1155.JPG,0,0,True,1.0,1.0,2.6674603e-11
c1934d9439407f86f789d9be6cbc18ea,PV_data/Strawberry___Leaf_scorch/e1118fe9-cddc-4ac4-a232-e08982157c5e___RS_L.Scorch 1490.JPG,0,0,True,1.0,1.0,8.06303e-12
ba1242dcdf6f70d1f28d951ddd0b1fff,PV_data/Strawberry___Leaf_scorch/e3e3cf2a-6188-4d19-8527-0ab1dd46dd7c___RS_L.Scorch 1411.JPG,0,0,True,0.99999976,0.99999976,1.9065807e-07
9db631e7b4ca752f1dc4ff8d5e6c5878,PV_data/Strawberry___Leaf_scorch/e479463e-ecf2-4b9d-bac1-4dd698b13b81___RS_L.Scorch 1348.JPG,0,0,True,1.0,1.0,1.380838e-12
5358bb6be97d6032fd7c562f01c428c2,PV_data/Strawberry___Leaf_scorch/e4c80180-3b82-4991-8814-cbaf4f316162___RS_L.Scorch 1182.JPG,0,0,True,1.0,1.0,5.2976335e-13
7bb2c96917d8b3a4eeb152279df3a8ec,PV_data/Strawberry___Leaf_scorch/e59efe9b-bfdf-4a4a-85e0-603a97c52083___RS_L.Scorch 0069.JPG,0,0,True,1.0,1.0,6.6879485e-14
9e4544598520e59fee68d7f8ce609a49,PV_data/Strawberry___Leaf_scorch/e5fb7942-bb5d-49f8-8cc1-80b469af95fd___RS_L.Scorch 1138.JPG,0,0,True,1.0,1.0,2.3336225e-11
2985c89038664a85447348f80558d62b,PV_data/Strawberry___Leaf_scorch/e6a58ef4-f85e-4a73-a5f9-b1ba93d98fd1___RS_L.Scorch 1035.JPG,0,0,True,0.99993277,0.99993277,6.719808e-05
21c63a1fc4be47f61dd2823415af3e44,PV_data/Strawberry___Leaf_scorch/e6dad2a5-e5cc-4ef7-bbc8-5cb0d0f0cb0c___RS_L.Scorch 1594.JPG,0,0,True,1.0,1.0,5.3134053e-11
d243f2d4c7592d54d4031db01f3bc283,PV_data/Strawberry___Leaf_scorch/e7742c1f-7ea0-40a1-834e-eea9cf538641___RS_L.Scorch 0076.JPG,0,0,True,1.0,1.0,1.2415928e-10
03c1b393819dae5579fa137bd106a2b5,PV_data/Strawberry___Leaf_scorch/ea5d5ed5-c066-4f78-a633-585349910c47___RS_L.Scorch 1151.JPG,0,0,True,1.0,1.0,1.4608764e-10
2c5453eb99e0a9b5bdb588976a642cc1,PV_data/Strawberry___Leaf_scorch/eaf7b374-1627-486d-8592-ee2df00abf4a___RS_L.Scorch 1392.JPG,0,0,True,1.0,1.0,7.3254003e-16
bd061aec266d589522a7806f9f76222e,PV_data/Strawberry___Leaf_scorch/eccc2000-fb04-4c85-8a90-11498d11addd___RS_L.Scorch 9945.JPG,0,0,True,1.0,1.0,8.2577107e-14
8448076738cfb3eb179749e94b62f306,PV_data/Strawberry___Leaf_scorch/ee53e362-251b-4ca5-a000-425cf8930e3d___RS_L.Scorch 1109.JPG,0,0,True,1.0,1.0,3.7252812e-10
286ed838727d9b5f93ea2e8a9091b7bb,PV_data/Strawberry___Leaf_scorch/f10b17bb-4841-4c98-9557-27d866eed36a___RS_L.Scorch 0109.JPG,0,0,True,0.9999993,0.9999993,7.027993e-07
861be45265eefd0ed7d154f9abcb5258,PV_data/Strawberry___Leaf_scorch/f740e529-abd0-44e1-898e-92ee5afa16f1___RS_L.Scorch 1421.JPG,0,0,True,1.0,1.0,4.9425676e-08
d57e66afb64240eea1b48f68d9120c9b,PV_data/Strawberry___Leaf_scorch/f7840195-f040-49fe-a2d7-ddfcf0583df3___RS_L.Scorch 1039.JPG,0,0,True,0.9999999,0.9999999,1.0260211e-07
742fdab15674f8907e4fed035e34e5de,PV_data/Strawberry___Leaf_scorch/f919c31d-1726-48d3-ae98-efcd606877bb___RS_L.Scorch 0162.JPG,0,0,True,1.0,1.0,1.8586268e-09
2af443b9a5d79e219d877c3249ab0afd,PV_data/Strawberry___Leaf_scorch/f932b03b-050d-4d4a-9076-6823efc1cb73___RS_L.Scorch 0856.JPG,0,0,True,1.0,1.0,5.9326497e-13
08eed8dab5aac07d1bf55e2b85a8ca88,PV_data/Strawberry___Leaf_scorch/f95d6e54-a621-4741-88d2-d217899a66f0___RS_L.Scorch 1135.JPG,0,0,True,1.0,1.0,3.1836567e-17
3388465fc2ee5dc757778e8061160409,PV_data/Strawberry___Leaf_scorch/fa2d430f-43cf-4dd8-bb7d-c03836e480f8___RS_L.Scorch 1227.JPG,0,0,True,1.0,1.0,2.7433036e-15
75fc0709144b90cb6bf35dfb661b431c,PV_data/Strawberry___Leaf_scorch/fb580033-577d-40ce-92c2-aa8f2b0ac088___RS_L.Scorch 0096.JPG,0,0,True,1.0,1.0,1.36730955e-08
159e0e78269aba98c4ca9fc6be34f90a,PV_data/Strawberry___Leaf_scorch/fba85f23-a979-4464-966f-09c3911ca9f3___RS_L.Scorch 1223.JPG,0,0,True,1.0,1.0,1.0696407e-13
ba60fb990c8d4e6e946a992f8a9ff267,PV_data/Strawberry___Leaf_scorch/fdbd115d-4709-42eb-90ce-278a33fc3e7e___RS_L.Scorch 0079.JPG,0,0,True,1.0,1.0,8.523578e-10
a5c9e1a8b9fe7a518eb67e844d6f4c06,PV_data/Strawberry___healthy/00532378-bfb2-4d3b-8b19-903ecc085624___RS_HL 2021.JPG,1,1,True,0.9999857,1.4349775e-05,0.9999857
25bd2fc1ae3ab482713e217f8be02b39,PV_data/Strawberry___healthy/02caa98d-1c74-43b3-b3ee-e8492998f82a___RS_HL 2090.JPG,1,1,True,0.99999356,6.4573633e-06,0.99999356
bf2783b0383b264398723aa8f9ea2932,PV_data/Strawberry___healthy/03fe6806-ca61-46c1-8889-45e40228c168___RS_HL 4632.JPG,1,1,True,0.99999857,1.3729617e-06,0.99999857
ad9c91267dc79b35319007cddc7dc6fc,PV_data/Strawberry___healthy/057e51f5-f5c1-40b2-930b-a2346c138969___RS_HL 4596.JPG,1,1,True,0.9999993,6.769617e-07,0.9999993
fffc314298f6f164423fb5851e7f76a9,PV_data/Strawberry___healthy/0b444634-b557-45f4-a68a-8e9e38cd6683___RS_HL 2184.JPG,1,1,True,0.99999595,4.041545e-06,0.99999595
ace878cfad53cc060606f5aac8e26a64,PV_data/Strawberry___healthy/0d9c97af-4a3e-41f5-9c42-534898ea1688___RS_HL 4375.JPG,1,1,True,0.93072027,0.06927969,0.93072027
0874f1b5cd05071e14552c9692ee6acc,PV_data/Strawberry___healthy/14b39aa2-a081-45a5-ba2d-79d21f9b29a1___RS_HL 1972.JPG,1,1,True,0.9999722,2.776613e-05,0.9999722
d1f0c0c441489a06efb28b45328d52e5,PV_data/Strawberry___healthy/1788478b-7aac-4ec3-b249-e1d145a39980___RS_HL 2172.JPG,1,1,True,0.99998367,1.6343207e-05,0.99998367
bee8005575bdd1352b7155ff6abce92e,PV_data/Strawberry___healthy/1a28038d-0e6d-4ac7-94d1-76d30fc89d71___RS_HL 2058.JPG,1,1,True,0.99963534,0.00036465714,0.99963534
9e8b7ea667d4c7cc976a5869a67097f5,PV_data/Strawberry___healthy/1b250776-ccb2-49b9-9964-a729567f60b9___RS_HL 2205.JPG,1,1,True,0.99980295,0.00019700312,0.99980295
8f503f8f5bc14c4b9ca548b385c809ee,PV_data/Strawberry___healthy/1d92fcef-79d0-469b-b9b1-71a318505821___RS_HL 4487.JPG,1,1,True,0.99996626,3.373391e-05,0.99996626
8578f232244b48c7154a67e324c63918,PV_data/Strawberry___healthy/20a44f54-5534-4eed-9240-b1a6eb8ce4e1___RS_HL 1708.JPG,1,1,True,0.9999646,3.5392415e-05,0.9999646
3b3eb2409eb83c982f36c9dc36a53346,PV_data/Strawberry___healthy/23bce3ab-97d8-43a9-b38b-9e4e6fa57807___RS_HL 1829.JPG,1,1,True,0.9997563,0.00024377591,0.9997563
2e2788214d20c884822f944ef1a4d983,PV_data/Strawberry___healthy/23f8718a-9556-4ad1-a9a0-4c895ee5a91b___RS_HL 2226.JPG,1,1,True,0.9997958,0.00020412136,0.9997958
d3eae9b8ee8c656cff3c9d94681de70d,PV_data/Strawberry___healthy/26fb9410-2d79-482d-bff7-a6210dda4c07___RS_HL 1746.JPG,1,1,True,0.99999547,4.48068e-06,0.99999547
648a2a879ee5aeac3b11a3575f83038d,PV_data/Strawberry___healthy/27c2aaa4-de4b-4fb1-ba8d-14d4b24b2afa___RS_HL 4665.JPG,1,1,True,0.9999995,5.0468236e-07,0.9999995
d9471704d27468c84b5f5f1fd265e95c,PV_data/Strawberry___healthy/29050f21-a393-473e-9f9c-7fd99feef9a7___RS_HL 4533.JPG,1,1,True,0.9898963,0.010103679,0.9898963
e10e6197aa8e257d45e3b0b6e8b561e9,PV_data/Strawberry___healthy/30b0611b-c150-4668-8007-662129beaa6e___RS_HL 1806.JPG,1,1,True,0.9999082,9.178972e-05,0.9999082
8f237a9fad4fed909f7a3ab0df5c44e9,PV_data/Strawberry___healthy/3303d3bf-c26b-47b9-ade2-b51348eaf7a1___RS_HL 4465.JPG,1,1,True,0.99999785,2.1130759e-06,0.99999785
ddfbaa95560be6b1169a8c3674bacd67,PV_data/Strawberry___healthy/37240ad5-3437-49e3-85e0-aec8750e2c39___RS_HL 2064.JPG,1,1,True,0.9999734,2.6563526e-05,0.9999734
0851a08c2052617ce0e22fbdadf4a413,PV_data/Strawberry___healthy/373b483b-022f-4de0-8907-2b485aca6184___RS_HL 4491.JPG,1,1,True,0.9999995,5.3124967e-07,0.9999995
adbce83523928579d459a36f011a594b,PV_data/Strawberry___healthy/3aca733d-6d49-42d2-bcc2-fa288d126411___RS_HL 2223.JPG,1,1,True,0.9999901,9.855598e-06,0.9999901
4f74bda97c1b135e01ca12cb7886fd0c,PV_data/Strawberry___healthy/3b744062-8dff-416e-9349-3bae2aae5eaa___RS_HL 4345.JPG,1,1,True,0.99999976,1.7961212e-07,0.99999976
5b4dbec12520ed5b7f1718dc03a67fa1,PV_data/Strawberry___healthy/41ceda85-676a-412a-bc22-324700edc9ea___RS_HL 2237.JPG,1,1,True,0.9995991,0.00040087753,0.9995991
e23982177dad6c33a13380cf06b5ddf2,PV_data/Strawberry___healthy/41dba974-b2b7-4e90-9c93-a8e29200f41c___RS_HL 1659.JPG,1,1,True,0.99998677,1.3258115e-05,0.99998677
82de5c6679a1527419f5989ad50cdab6,PV_data/Strawberry___healthy/4d5733cd-e68e-4fd8-9587-aaaf9502934b___RS_HL 4466.JPG,1,1,True,0.99999964,3.0845467e-07,0.99999964
96b4347a244351e4afd229bbb91f39d6,PV_data/Strawberry___healthy/550c54e7-c80e-4225-8060-b20af93458ff___RS_HL 1640.JPG,1,1,True,0.99999905,8.976619e-07,0.99999905
e8aa1570fca780541e2c897c42a3709c,PV_data/Strawberry___healthy/57487bb3-ceeb-4455-a35b-2a9c53b26feb___RS_HL 1774.JPG,1,1,True,0.9988697,0.0011303105,0.9988697
69c40757c6b6a2506a8753066533377d,PV_data/Strawberry___healthy/5c7bf62d-3c64-4738-8378-d530b9f73cc1___RS_HL 4517.JPG,1,1,True,0.9999877,1.2245277e-05,0.9999877
0190f0485feb3cbcc71a47c12dd408b1,PV_data/Strawberry___healthy/67db4fa4-922e-47f8-bf79-7dbb87adf47b___RS_HL 1986.JPG,1,1,True,0.999992,7.961639e-06,0.999992
6db39167e93d2dc3f8caf7908e0ce71f,PV_data/Strawberry___healthy/6baab67a-a32d-4b53-a966-feea0ccdef77___RS_HL 4712.JPG,1,1,True,0.9999343,6.573608e-05,0.9999343
ab5c513ce7fba502668c6e08b0111b63,PV_data/Strawberry___healthy/6cdf4322-10d1-40e1-96d8-6db10ae52144___RS_HL 1672.JPG,1,1,True,0.99999225,7.8027815e-06,0.99999225
68d8771a5dbcb0bd0ba8a00c16eee4e9,PV_data/Strawberry___healthy/730b27b1-51a1-4c14-81f8-ab1da6237c4f___RS_HL 2051.JPG,1,1,True,0.9997693,0.00023067954,0.9997693
2a9dc02a4a5f06f41a4b370663379653,PV_data/Strawberry___healthy/741e834f-a63a-4efd-b961-d5f7e047abdc___RS_HL 2085.JPG,1,1,True,0.9991425,0.00085741025,0.9991425
3281b694c0a955adb180b43288901d6b,PV_data/Strawberry___healthy/75779559-3218-4930-9687-f2c0e71667c9___RS_HL 2091.JPG,1,1,True,0.9999951,4.907285e-06,0.9999951
163baa09835334378af4ad088a24ac6d,PV_data/Strawberry___healthy/75d24cc5-b37f-42de-947f-dc7ee673674e___RS_HL 4571.JPG,1,1,True,0.99642617,0.003573851,0.99642617
9b022786341694db9cf2069abb343c21,PV_data/Strawberry___healthy/768de271-ba00-4cfe-b785-ccc7deedbcce___RS_HL 2081.JPG,1,1,True,0.99988854,0.00011146267,0.99988854
396ddfc083c1eb8a38e20ec1a7cf51a5,PV_data/Strawberry___healthy/76966414-7ff1-4a03-b8a8-e4b7bd7ed106___RS_HL 2026.JPG,1,1,True,0.9991603,0.0008397472,0.9991603
f35983e8a49158147280f88569f31975,PV_data/Strawberry___healthy/77c79af8-cfa3-447a-8780-55f9c3836a12___RS_HL 4509.JPG,1,1,True,0.923213,0.07678701,0.923213
a6d626794fee8f3e6cf2601eaa76247d,PV_data/Strawberry___healthy/78debbd4-43b4-437d-8fd8-86910b947d34___RS_HL 4459.JPG,1,1,True,0.99999964,3.7913767e-07,0.99999964
0f193e7ed053cf3bf7d17e9ad8a43273,PV_data/Strawberry___healthy/7a0c229c-035e-4c92-b2d4-fb3ed1f1d84a___RS_HL 2242.JPG,1,1,True,0.9999969,3.086146e-06,0.9999969
e4e8d906c7917a2e22112f5933cd844d,PV_data/Strawberry___healthy/83f32f06-ec1e-4dac-b3dc-b51f15133fb5___RS_HL 1980.JPG,1,1,True,0.9999616,3.8363873e-05,0.9999616
a855ffd93ca46a99845707c4b8216237,PV_data/Strawberry___healthy/8791c247-282a-44b9-a00e-ea9ac08ab3c5___RS_HL 1888.JPG,1,1,True,0.9687102,0.03128975,0.9687102
596011fd5fe78b4755e825456637326d,PV_data/Strawberry___healthy/89e133b4-9f70-4711-a14e-2535ae3a00ee___RS_HL 4792.JPG,1,1,True,0.9966363,0.0033637371,0.9966363
8c599fb0e2265cf33f023cce5709eda2,PV_data/Strawberry___healthy/8b799a37-bc78-416f-9081-1ac2d8caba6b___RS_HL 2190.JPG,1,1,True,0.99999774,2.2486347e-06,0.99999774
ef5fabd3e021300ecb87fc59986e5c6a,PV_data/Strawberry___healthy/93e51b7e-3a41-40e3-9790-c5eeb86a4d61___RS_HL 4706.JPG,1,1,True,0.9999871,1.2826813e-05,0.9999871
28db1705e42b9279e548d2f092e54ab2,PV_data/Strawberry___healthy/941b9454-80e0-44c5-b1ca-d0b16527d2b7___RS_HL 4811.JPG,1,1,True,0.9999999,6.8886166e-08,0.9999999
180f45a1dd8706a1679b7bae005758cb,PV_data/Strawberry___healthy/a1ff6777-0146-4138-befb-1f0afad46834___RS_HL 2052.JPG,1,1,True,0.99849486,0.0015051909,0.99849486
678ed0a2211d9c432edaf2c2813ce2d0,PV_data/Strawberry___healthy/a6badbd1-59ff-4476-8b56-e2a61e993918___RS_HL 4603.JPG,1,1,True,0.99999976,2.27944e-07,0.99999976
9a1380f1c102d46ca7f2e5560f19b6fe,PV_data/Strawberry___healthy/b0396a65-963b-4a4b-86eb-70f46b38752e___RS_HL 4678.JPG,1,1,True,0.9999757,2.4309884e-05,0.9999757
0ef21fe0520aa737dbcad77629804491,PV_data/Strawberry___healthy/b30220c5-0c39-4953-8e0b-1a2236fd4a8b___RS_HL 4399.JPG,1,1,True,0.99999046,9.561118e-06,0.99999046
9250aee9ea92aeaa197338cdd4e4c867,PV_data/Strawberry___healthy/c7d30b99-4e9d-4615-b1f4-bcc93ecb7919___RS_HL 4778.JPG,1,1,True,0.99999416,5.856444e-06,0.99999416
aaafcdc5fdeb74b6ab16a8dd69e0d3d5,PV_data/Strawberry___healthy/cc31bcec-0229-4fe2-9a1f-7dbb10d70a1d___RS_HL 1620.JPG,1,1,True,0.9999696,3.0423938e-05,0.9999696
bc66941f0208faa886e678b0c641e244,PV_data/Strawberry___healthy/d1aee44a-b6bb-45b9-b7b6-5d553add8fd1___RS_HL 2163.JPG,1,1,True,0.99992466,7.535269e-05,0.99992466
305daa65b24557aff5fb13584730fbc1,PV_data/Strawberry___healthy/d451b14d-8338-47e7-9505-1797ae645742___RS_HL 1976.JPG,1,1,True,0.99997675,2.3213961e-05,0.99997675
417556647598dd91f6d38e2a63a6cf9b,PV_data/Strawberry___healthy/d75e13ee-2b6a-4457-9a06-acf9fc07dfd9___RS_HL 4385.JPG,1,1,True,0.99997425,2.5705449e-05,0.99997425
38e77d87a96f3435d2b7c98440a4cc71,PV_data/Strawberry___healthy/d840b66d-1a2d-40fb-8aab-a00836e7b9a2___RS_HL 4660.JPG,1,1,True,0.99981034,0.0001896693,0.99981034
469804eef6031f8668bd8611427b4277,PV_data/Strawberry___healthy/db1dd4d2-8424-4b8a-a160-8491b534e6dc___RS_HL 4650.JPG,1,1,True,0.99993575,6.422859e-05,0.99993575
d3bdc17e6069e05e1d63e77c5f9efcdf,PV_data/Strawberry___healthy/dc5b5a9e-c144-49d7-99ca-b53a818f83d8___RS_HL 4744.JPG,1,1,True,0.9999827,1.7251828e-05,0.9999827
759e359d81ccaf83dd1c23b4f7ed910c,PV_data/Strawberry___healthy/de6a28bb-b09b-4279-b31b-f716fa637356___RS_HL 1997.JPG,1,1,True,0.9998771,0.00012286645,0.9998771
4548144aafe048281cc1d4d2cb61a549,PV_data/Strawberry___healthy/e0a7a770-3f85-4cad-a62b-0633dd7a8265___RS_HL 4594.JPG,1,1,True,0.99999976,2.0966267e-07,0.99999976
4d4f91de7d8fc8f1392c6fd960cb0274,PV_data/Strawberry___healthy/e178986b-223c-4da1-8c0f-2314de66df55___RS_HL 2042.JPG,1,1,True,0.99129593,0.008704009,0.99129593
3510e5a0c152c92871b3e5aba5c5f395,PV_data/Strawberry___healthy/e3a17b75-038a-440e-8a05-ec81625091e7___RS_HL 4674.JPG,1,1,True,0.9999256,7.440105e-05,0.9999256
a0eaf90945e4debbca79dbc1139c9099,PV_data/Strawberry___healthy/f076aa8c-cacf-48b0-8a0f-764e7498407d___RS_HL 4826.JPG,1,1,True,0.99998116,1.8881972e-05,0.99998116
35b6b8e4907f64d025936f6c64d9f8e0,PV_data/Strawberry___healthy/f1b5ec9d-ed27-4e68-8316-63dc58ef35ab___RS_HL 1693.JPG,1,1,True,0.99999416,5.7978714e-06,0.99999416
ea147aaa932abccfb194d505c1d09c8a,PV_data/Strawberry___healthy/f3b01730-9365-4b94-a477-9b95d959ccd8___RS_HL 4555.JPG,1,1,True,0.9969981,0.0030018932,0.9969981
5bf9148cdf8392202a93807a33405080,PV_data/Strawberry___healthy/f90cc425-5b46-4abd-b58a-11306f471542___RS_HL 4337.JPG,1,1,True,0.9998429,0.00015711025,0.9998429
6f52c26c5d03d2c48cf3c990f06a8d3c,PV_data/Strawberry___healthy/fd929b1c-3f0d-4d0e-96f2-2f99bcb186d9___RS_HL 4728.JPG,1,1,True,0.999977,2.2976797e-05,0.999977
