image_id,image_path,species,true_disease_id,pred_disease_id,true_disease,pred_disease,confidence
ff8b1bd8b342341cc40bcb684626fba3,"PV_data/Pepper,_bell___Bacterial_spot/01ebc916-4793-40a3-b5e4-a32687e4fa3d___NREC_B.Spot 9125.JPG","Pepper,_bell",0,0,Bacterial_spot,Bacterial_spot,1.0
abe2e8b545585e1492170512d2744522,"PV_data/Pepper,_bell___Bacterial_spot/03bb7042-3fd5-42e1-aa2c-d51d6843704c___JR_B.Spot 8925.JPG","Pepper,_bell",0,0,Bacterial_spot,Bacterial_spot,0.9999845
f5070a46f56dad8e843be74e5f8c2ef3,"PV_data/Pepper,_bell___Bacterial_spot/0694ee73-2dbc-4583-9d2d-2b053ef0475b___NREC_B.Spot 1798.JPG","Pepper,_bell",0,0,Bacterial_spot,Bacterial_spot,0.9999293
91394fd37aac45c443336a7c5e16d0dc,"PV_data/Pepper,_bell___Bacterial_spot/0705b53e-4c54-4fce-9bc0-833db0619f3d___JR_B.Spot 9068.JPG","Pepper,_bell",0,0,Bacterial_spot,Bacterial_spot,0.9999995
dceddb4a05d7f4c49fb8d8882f2e2a83,"PV_data/Pepper,_bell___Bacterial_spot/0bd0f439-013b-40ed-a6d1-4e67e971d437___JR_B.Spot 3272.JPG","Pepper,_bell",0,0,Bacterial_spot,Bacterial_spot,0.9999999
08cc536e13d64d3414a04f57349971ea,"PV_data/Pepper,_bell___Bacterial_spot/0d2635e7-df23-4ceb-b3ba-3af50bb58357___NREC_B.Spot 1874.JPG","Pepper,_bell",0,0,Bacterial_spot,Bacterial_spot,1.0
61ab4b4ad17e2288640da74fe950b655,"PV_data/Pepper,_bell___Bacterial_spot/0d8445ac-6333-42b0-bf32-950a2dd83908___NREC_B.Spot 1862.JPG","Pepper,_bell",0,0,Bacterial_spot,Bacterial_spot,0.999845
7f1ad361f4159f061f41f9aeb66efe2d,"PV_data/Pepper,_bell___Bacterial_spot/0f2b941b-cce2-46e1-a6e3-6924604e9926___NREC_B.Spot 9073.JPG","Pepper,_bell",0,0,Bacterial_spot,Bacterial_spot,0.9709518
d6927abd4acd7dd5d58d00381e842bc5,"PV_data/Pepper,_bell___Bacterial_spot/11092e1c-9fdc-4405-85b9-a8d7548f12bb___JR_B.Spot 9051.JPG","Pepper,_bell",0,0,Bacterial_spot,Bacterial_spot,1.0
33d9d611b7b3b5abf9a171b3341d48ed,"PV_data/Pepper,_bell___Bacterial_spot/121268d0-b5e9-452b-aa45-df90ddcc5ee5___JR_B.Spot 8876.JPG","Pepper,_bell",0,0,Bacterial_spot,Bacterial_spot,0.9999999
03c9e95ddcbbc4e96a52979c8b816855,"PV_data/Pepper,_bell___Bacterial_spot/12c953a0-bd3e-45d0-aaea-5139f5d63e01___JR_B.Spot 8863.JPG","Pepper,_bell",0,0,Bacterial_spot,Bacterial_spot,0.85495245
571abee61e667122ead1521a4918d299,"PV_data/Pepper,_bell___Bacterial_spot/12c9c98f-afc9-4c12-8a97-007e5a40712a___NREC_B.Spot 9053.JPG","Pepper,_bell",0,0,Bacterial_spot,Bacterial_spot,0.9999999
caaafc9b9dd3a29e31a7fb145f801b43,"PV_data/Pepper,_bell___Bacterial_spot/1360c0b1-4eb4-491b-8544-738d3c420828___NREC_B.Spot 1977.JPG","Pepper,_bell",0,0,Bacterial_spot,Bacterial_spot,0.99999666
7517c1125414ca89a12322cad06d30ec,"PV_data/Pepper,_bell___Bacterial_spot/1385e1e7-c7a5-4edb-8273-2f6a54c583fa___NREC_B.Spot 9128.JPG","Pepper,_bell",0,0,Bacterial_spot,Bacterial_spot,1.0
baa01778cd91be3ca2b294554ed8cdf4,"PV_data/Pepper,_bell___Bacterial_spot/13955856-c347-4039-ba30-09ea39d66534___NREC_B.Spot 9114.JPG","Pepper,_bell",0,0,Bacterial_spot,Bacterial_spot,0.9999963
d1e13ac30ec796c6c483708d4d3d4706,"PV_data/Pepper,_bell___Bacterial_spot/146d24cd-0c7e-458b-9f82-7b27525b04e4___JR_B.Spot 3329.JPG","Pepper,_bell",0,0,Bacterial_spot,Bacterial_spot,0.9946771
66a4c06c6f18767b6fdcad87204ef32e,"PV_data/Pepper,_bell___Bacterial_spot/15b7cf0f-46ea-4390-a902-375b5b68e3fd___JR_B.Spot 3320.JPG","Pepper,_bell",0,0,Bacterial_spot,Bacterial_spot,0.99999547
e0978889669f2f7ad4bd0c563d6146f5,"PV_data/Pepper,_bell___Bacterial_spot/16e558e3-0aa4-472b-b393-eae1fb4fd62e___NREC_B.Spot 1875.JPG","Pepper,_bell",0,0,Bacterial_spot,Bacterial_spot,1.0
7eec681b39d3ff603682ab2347a23adc,"PV_data/Pepper,_bell___Bacterial_spot/17000d8e-8095-4f00-b704-b94b1c531d8d___JR_B.Spot 3384.JPG","Pepper,_bell",0,0,Bacterial_spot,Bacterial_spot,1.0
2d9a02e6cb679955f96d61daa8dd3e83,"PV_data/Pepper,_bell___Bacterial_spot/1732db7e-9901-46df-b20e-3ca49ff1dbad___NREC_B.Spot 1791.JPG","Pepper,_bell",0,0,Bacterial_spot,Bacterial_spot,0.98691475
09b2959bf8384ae7bd9a212acf3418aa,"PV_data/Pepper,_bell___Bacterial_spot/176a9f0a-b815-4e4d-88d4-0960610f723b___NREC_B.Spot 1820.JPG","Pepper,_bell",0,0,Bacterial_spot,Bacterial_spot,1.0
768dbf3e96175ada3b45e1235a39bb3a,"PV_data/Pepper,_bell___Bacterial_spot/184221a3-0f0e-4acc-b5be-7b853349cd0d___JR_B.Spot 3286.JPG","Pepper,_bell",0,0,Bacterial_spot,Bacterial_spot,0.9999999
37b89f1b11ef596bb6e62889ea16a0fa,"PV_data/Pepper,_bell___Bacterial_spot/1b589f92-a658-4e58-96de-db41acc411ce___JR_B.Spot 3239.JPG","Pepper,_bell",0,0,Bacterial_spot,Bacterial_spot,0.9951496
8f6e894810b31355065f4aa36bca8975,"PV_data/Pepper,_bell___Bacterial_spot/1c0c1501-f362-49d0-9e99-e72006441c8c___JR_B.Spot 8869.JPG","Pepper,_bell",0,0,Bacterial_spot,Bacterial_spot,0.9266917
97a2621248a99f7e5cb29fee57e8952e,"PV_data/Pepper,_bell___Bacterial_spot/1f3b1b11-4934-4c0b-b054-8f8a977b488c___JR_B.Spot 3373.JPG","Pepper,_bell",0,0,Bacterial_spot,Bacterial_spot,1.0
ba8e5b5b290fc60cc1659cbcfd9f2db5,"PV_data/Pepper,_bell___Bacterial_spot/1fca0f2b-857b-4cef-9218-42b1bdd92d00___JR_B.Spot 8969.JPG","Pepper,_bell",0,0,Bacterial_spot,Bacterial_spot,0.9895238
18ac2948f3f8169b044f89cbef21b665,"PV_data/Pepper,_bell___Bacterial_spot/2433614e-78d3-45ae-b719-59efb0397572___JR_B.Spot 8966.JPG","Pepper,_bell",0,0,Bacterial_spot,Bacterial_spot,1.0
04ca781dd7bcaacafd4f519e46addd9b,"PV_data/Pepper,_bell___Bacterial_spot/25d9d63d-08f1-45de-be1a-83ec25160b75___NREC_B.Spot 1919.JPG","Pepper,_bell",0,0,Bacterial_spot,Bacterial_spot,0.9999864
aa676071620821d6b5f99c9103480b04,"PV_data/Pepper,_bell___Bacterial_spot/2def1cb7-36cf-4aed-a8e5-ad7864721a44___JR_B.Spot 8915.JPG","Pepper,_bell",0,0,Bacterial_spot,Bacterial_spot,0.9995623
b0e204dac6700581010439f2eff29bbe,"PV_data/Pepper,_bell___Bacterial_spot/2e400707-ea59-4355-889a-32d5e56c1e1c___NREC_B.Spot 1936.JPG","Pepper,_bell",0,0,Bacterial_spot,Bacterial_spot,1.0
7892af75e6a300f4a9da16f3a6115011,"PV_data/Pepper,_bell___Bacterial_spot/2f9b46c7-fa77-4196-9ed1-f3f316182340___JR_B.Spot 8943.JPG","Pepper,_bell",0,0,Bacterial_spot,Bacterial_spot,0.99999905
aa67bf0946f49f77145a00dc80136fdc,"PV_data/Pepper,_bell___Bacterial_spot/301b41f3-647f-4bd2-9adb-ef98c8b8c238___JR_B.Spot 3399.JPG","Pepper,_bell",0,0,Bacterial_spot,Bacterial_spot,0.99995196
96444a80686a0b11ea438cee98f95945,"PV_data/Pepper,_bell___Bacterial_spot/31add1a3-eab6-4c9c-946f-d85d89297a0e___NREC_B.Spot 1842.JPG","Pepper,_bell",0,0,Bacterial_spot,Bacterial_spot,1.0
a728107a9de9b6dbb1991c6b379854c1,"PV_data/Pepper,_bell___Bacterial_spot/32d3951c-8c10-4e8f-b35c-81f7de2513c7___JR_B.Spot 3112.JPG","Pepper,_bell",0,0,Bacterial_spot,Bacterial_spot,0.9992421
311de1dfd36602789a264455b6ecf04c,"PV_data/Pepper,_bell___Bacterial_spot/3342ddb9-c0b2-44c1-90eb-035e207a5c8a___JR_B.Spot 3372.JPG","Pepper,_bell",0,0,Bacterial_spot,Bacterial_spot,0.99999976
288ebd404b5171437ffa14f86e1d2e8f,"PV_data/Pepper,_bell___Bacterial_spot/356984ef-4342-4233-a2e6-3db044cbd4b2___JR_B.Spot 3147.JPG","Pepper,_bell",0,0,Bacterial_spot,Bacterial_spot,0.99999917
2d52bc81cc018534a6bb4741130b82f7,"PV_data/Pepper,_bell___Bacterial_spot/380d0458-2f1e-432c-8adf-614143cba968___JR_B.Spot 8980.JPG","Pepper,_bell",0,0,Bacterial_spot,Bacterial_spot,1.0
444d9946d2ff731a2c7ba05a9c0a4466,"PV_data/Pepper,_bell___Bacterial_spot/389480c3-0209-45e3-b3ee-2447b22de68f___JR_B.Spot 9016.JPG","Pepper,_bell",0,0,Bacterial_spot,Bacterial_spot,1.0
5c5807fc77995d6ec913347b493d5372,"PV_data/Pepper,_bell___Bacterial_spot/3a03526d-0bf4-4898-9f0f-8a9c31afd3eb___JR_B.Spot 3380.JPG","Pepper,_bell",0,0,Bacterial_spot,Bacterial_spot,1.0
535d8cc5454228beb45afbaccfdd91cf,"PV_data/Pepper,_bell___Bacterial_spot/3d6a3d51-8a9f-42ff-b4bf-299778c3e0a8___JR_B.Spot 3184.JPG","Pepper,_bell",0,0,Bacterial_spot,Bacterial_spot,0.9999999
4588314e6aa0ff0806828da0eaedd05c,"PV_data/Pepper,_bell___Bacterial_spot/3d87a319-d032-4bac-9b6c-0160a23531b9___NREC_B.Spot 1853.JPG","Pepper,_bell",0,0,Bacterial_spot,Bacterial_spot,1.0
eb8b992ad993ce575f5ca28221912167,"PV_data/Pepper,_bell___Bacterial_spot/3f365db3-6af8-4113-97f1-1c8771cab676___NREC_B.Spot 1789.JPG","Pepper,_bell",0,0,Bacterial_spot,Bacterial_spot,0.999995
ec119a2902c7122542942f7e13ae45c7,"PV_data/Pepper,_bell___Bacterial_spot/41b580cc-85f0-42c5-aafc-d640ab727081___JR_B.Spot 8950.JPG","Pepper,_bell",0,0,Bacterial_spot,Bacterial_spot,0.99999917
e82f57f518f69d445ae9f0ea499d2020,"PV_data/Pepper,_bell___Bacterial_spot/41da62b7-c3af-4604-aaa5-c457356e04bd___JR_B.Spot 9034.JPG","Pepper,_bell",0,0,Bacterial_spot,Bacterial_spot,1.0
3cc0a7afde2975e3d0d199ed649ab13a,"PV_data/Pepper,_bell___Bacterial_spot/42ef264d-f255-4674-885a-0921a0e7f649___JR_B.Spot 9022.JPG","Pepper,_bell",0,0,Bacterial_spot,Bacterial_spot,1.0
f76fe70a8dba6a2b374ffff726282f43,"PV_data/Pepper,_bell___Bacterial_spot/45820fd3-e954-4baf-85cb-23175212dc0d___JR_B.Spot 8844.JPG","Pepper,_bell",0,0,Bacterial_spot,Bacterial_spot,0.91686773
1aec7765bd158c040e35f8a244f0e20e,"PV_data/Pepper,_bell___Bacterial_spot/4591498b-f2d2-4138-b603-8f734df28c1b___NREC_B.Spot 9063.JPG","Pepper,_bell",0,0,Bacterial_spot,Bacterial_spot,1.0
ea5f17d465beb4d57d37c96ee45338a9,"PV_data/Pepper,_bell___Bacterial_spot/47773ddb-e400-4a5d-87ec-ce711044c31e___NREC_B.Spot 9235.JPG","Pepper,_bell",0,0,Bacterial_spot,Bacterial_spot,0.99999917
8cb950dc2fc9b7e16a266a2e5532a9a5,"PV_data/Pepper,_bell___Bacterial_spot/4bad40b0-af40-4deb-820c-edbcbb9ea372___NREC_B.Spot 1843.JPG","Pepper,_bell",0,0,Bacterial_spot,Bacterial_spot,1.0
e78721b3d43836ea1d5f666520a3e332,"PV_data/Pepper,_bell___Bacterial_spot/4c1f3e8b-4c85-4554-b1d7-25feca1f58b3___JR_B.Spot 3250.JPG","Pepper,_bell",0,0,Bacterial_spot,Bacterial_spot,0.9924816
2fcdf7b8922939fd57e3bd88f7a4133d,"PV_data/Pepper,_bell___Bacterial_spot/4c6a8199-896f-4cbf-8db4-3baa021a9e1c___NREC_B.Spot 9247.JPG","Pepper,_bell",0,0,Bacterial_spot,Bacterial_spot,0.99816537
ab86992ba33ebe2173b515a8c4e69adc,"PV_data/Pepper,_bell___Bacterial_spot/4cda1135-6cad-421b-9648-d00f9f3cd16f___JR_B.Spot 3304.JPG","Pepper,_bell",0,0,Bacterial_spot,Bacterial_spot,1.0
950366ebe7945b2e52c35b26cec3ec5a,"PV_data/Pepper,_bell___Bacterial_spot/4cf90b49-1b89-422e-84ae-2e2fcfc2fa02___JR_B.Spot 3362.JPG","Pepper,_bell",0,0,Bacterial_spot,Bacterial_spot,1.0
5c22e96690bcad54cbad45a708051298,"PV_data/Pepper,_bell___Bacterial_spot/4d20e159-894a-4718-a9f8-e866e7c5a3d9___JR_B.Spot 9025.JPG","Pepper,_bell",0,0,Bacterial_spot,Bacterial_spot,1.0
bbb3272455edead759fce0f5a9319cad,"PV_data/Pepper,_bell___Bacterial_spot/4d42924a-13e0-4e26-b131-2125e154c542___NREC_B.Spot 9220.JPG","Pepper,_bell",0,0,Bacterial_spot,Bacterial_spot,0.5718611
1983bc346358c94ac5a333de7ed8e3e7,"PV_data/Pepper,_bell___Bacterial_spot/4e380ba7-b5dc-46e3-850e-b52a775378d0___NREC_B.Spot 9107.JPG","Pepper,_bell",0,0,Bacterial_spot,Bacterial_spot,0.99999976
7e1836834001110cea80bc7a11f28d4f,"PV_data/Pepper,_bell___Bacterial_spot/4f49f8c2-d091-40d0-b85c-db10099b3caa___NREC_B.Spot 9171.JPG","Pepper,_bell",0,0,Bacterial_spot,Bacterial_spot,1.0
7b422fb64c71a7e83bff92ef63bd8691,"PV_data/Pepper,_bell___Bacterial_spot/51227dc9-baed-4d63-92ec-70f3361b480b___NREC_B.Spot 9161.JPG","Pepper,_bell",0,0,Bacterial_spot,Bacterial_spot,1.0
561069d060e2b7b33f735d8edeabb69b,"PV_data/Pepper,_bell___Bacterial_spot/51f564c9-28a3-4352-960c-9d88445d36d9___NREC_B.Spot 1794.JPG","Pepper,_bell",0,0,Bacterial_spot,Bacterial_spot,1.0
5726cf26b1d49f52f109ba11cef255ea,"PV_data/Pepper,_bell___Bacterial_spot/524b0b87-2adb-409c-acd6-02327fb7a064___NREC_B.Spot 9212.JPG","Pepper,_bell",0,0,Bacterial_spot,Bacterial_spot,1.0
bfa8355a5a1083d9d3c63de39732655d,"PV_data/Pepper,_bell___Bacterial_spot/538ad66b-39cb-4972-8ad7-8ebf1964f782___JR_B.Spot 9001.JPG","Pepper,_bell",0,0,Bacterial_spot,Bacterial_spot,0.9999995
c8711fd4f124b542709fc3ce53d40c56,"PV_data/Pepper,_bell___Bacterial_spot/5579d5a5-ca6a-4a13-ae08-4f791fdc2e2a___NREC_B.Spot 1826.JPG","Pepper,_bell",0,0,Bacterial_spot,Bacterial_spot,1.0
b94f629cfadfe0d29f3880e3c1d8dfca,"PV_data/Pepper,_bell___Bacterial_spot/5640520e-087c-41ae-b462-c30d8aa51aab___JR_B.Spot 8914.JPG","Pepper,_bell",0,0,Bacterial_spot,Bacterial_spot,0.99999595
43865ac16e3fde11c16fff97410ee85f,"PV_data/Pepper,_bell___Bacterial_spot/598fe617-af0b-49c0-ad10-f616bd4e0783___NREC_B.Spot 1847.JPG","Pepper,_bell",0,0,Bacterial_spot,Bacterial_spot,1.0
9d4820ec4d052e65922d96ffabd30856,"PV_data/Pepper,_bell___Bacterial_spot/59b6bff9-4aca-4bf4-a129-21179e9cebae___JR_B.Spot 9069.JPG","Pepper,_bell",0,0,Bacterial_spot,Bacterial_spot,0.99999917
fb591bf7d78951763e138fc5a6cb7101,"PV_data/Pepper,_bell___Bacterial_spot/5b00e7ef-db0e-43d3-9d4c-db2d8ee2fac3___JR_B.Spot 3360.JPG","Pepper,_bell",0,0,Bacterial_spot,Bacterial_spot,1.0
1f222134bd2e3103fb36cd9db7716e0f,"PV_data/Pepper,_bell___Bacterial_spot/5bd8d538-c13c-4da8-9f70-6c9a936dee3f___JR_B.Spot 3164.JPG","Pepper,_bell",0,0,Bacterial_spot,Bacterial_spot,0.9997371
530e79442975436b243899e9e5f5452d,"PV_data/Pepper,_bell___Bacterial_spot/6103f8b9-13cd-4a76-a501-33ebe9d24427___JR_B.Spot 8936.JPG","Pepper,_bell",0,0,Bacterial_spot,Bacterial_spot,0.7848725
676ff4b7cc9ce91ef0e954f9256b8d75,"PV_data/Pepper,_bell___Bacterial_spot/64367d1d-8954-432d-94bf-9ee75a812a85___NREC_B.Spot 1890.JPG","Pepper,_bell",0,0,Bacterial_spot,Bacterial_spot,0.55676764
a9d3d67430d8b4229f264dca3c785d1c,"PV_data/Pepper,_bell___Bacterial_spot/691dd132-7f59-4494-873c-a9dc69331c60___JR_B.Spot 3390.JPG","Pepper,_bell",0,0,Bacterial_spot,Bacterial_spot,0.9999914
ec2e94c40e0ba272563deac48ac90b37,"PV_data/Pepper,_bell___Bacterial_spot/6ceb56c6-36aa-4196-b60f-6fb8306b3cb4___NREC_B.Spot 9162.JPG","Pepper,_bell",0,0,Bacterial_spot,Bacterial_spot,1.0
d1f141fb34c5280d05eed15ae9a9c511,"PV_data/Pepper,_bell___Bacterial_spot/6d21b1fe-9e5d-4586-9726-14844ad5116f___JR_B.Spot 3120.JPG","Pepper,_bell",0,0,Bacterial_spot,Bacterial_spot,0.9999906
0c2cf911037d383608b89079903d3409,"PV_data/Pepper,_bell___Bacterial_spot/6fc860ea-46cd-4b40-8d53-27c1ebf95935___NREC_B.Spot 1836.JPG","Pepper,_bell",0,0,Bacterial_spot,Bacterial_spot,1.0
f60fca19691af5688281cb99d59347e3,"PV_data/Pepper,_bell___Bacterial_spot/70985466-254f-479b-86f2-9792be0864ed___JR_B.Spot 9044.JPG","Pepper,_bell",0,0,Bacterial_spot,Bacterial_spot,0.9999999
5e32629275e9b8a47c0197dc7fc2873f,"PV_data/Pepper,_bell___Bacterial_spot/718cf35c-8f3b-4d29-9c49-0aac5a8b6660___NREC_B.Spot 9098.JPG","Pepper,_bell",0,0,Bacterial_spot,Bacterial_spot,0.99999964
48ffc00a4c05dfb40845706a1c348f95,"PV_data/Pepper,_bell___Bacterial_spot/729b55d7-2a99-4861-910d-3b4e2bbce13a___JR_B.Spot 9036.JPG","Pepper,_bell",0,0,Bacterial_spot,Bacterial_spot,1.0
9c08cde9c174cccaea1c0bc7a3ae1e48,"PV_data/Pepper,_bell___Bacterial_spot/740389fb-026a-45f3-ab93-716987328da0___JR_B.Spot 8905.JPG","Pepper,_bell",0,0,Bacterial_spot,Bacterial_spot,0.9999999
89400de4c0a5e7c09170e122c09283a6,"PV_data/Pepper,_bell___Bacterial_spot/74d34f82-c2f1-4a60-8463-3c45717aac22___NREC_B.Spot 1904.JPG","Pepper,_bell",0,0,Bacterial_spot,Bacterial_spot,0.9999989
bbf0f32fedb5f47bdca087073e531fc5,"PV_data/Pepper,_bell___Bacterial_spot/77a0bad6-8570-43a4-b521-306b2cb0739a___JR_B.Spot 8960.JPG","Pepper,_bell",0,0,Bacterial_spot,Bacterial_spot,0.9864523
123f540e375a3ff717239313279a6a68,"PV_data/Pepper,_bell___Bacterial_spot/78c2d8fb-65cc-4d1b-9524-d904c87cbe99___NREC_B.Spot 1829.JPG","Pepper,_bell",0,0,Bacterial_spot,Bacterial_spot,1.0
bb27fa76ef2d93e0641aac113d50ccaf,"PV_data/Pepper,_bell___Bacterial_spot/7b21dafb-0173-4762-8fb5-8bb9b0aa604c___JR_B.Spot 3149.JPG","Pepper,_bell",0,0,Bacterial_spot,Bacterial_spot,1.0
66b92f1bfb19bb10bcde95036f2c584e,"PV_data/Pepper,_bell___Bacterial_spot/7b3f4992-f771-4b6e-b25f-7ec4c5823c88___JR_B.Spot 8951.JPG","Pepper,_bell",0,0,Bacterial_spot,Bacterial_spot,0.9996089
0497aa395e54ac65246ce9612134ef8b,"PV_data/Pepper,_bell___Bacterial_spot/7b7b589f-1bb8-43fb-8fa0-b510e200dd99___JR_B.Spot 9061.JPG","Pepper,_bell",0,0,Bacterial_spot,Bacterial_spot,1.0
9c8e0803e6b566a9f1d61a22867c4375,"PV_data/Pepper,_bell___Bacterial_spot/7beb562a-e1b0-40a2-8b44-fd892051da87___JR_B.Spot 8989.JPG","Pepper,_bell",0,0,Bacterial_spot,Bacterial_spot,1.0
79ed92bb87ade9b9abc5ffd39defceeb,"PV_data/Pepper,_bell___Bacterial_spot/7cca52ca-c5bb-4670-aa24-c956c828db39___JR_B.Spot 8982.JPG","Pepper,_bell",0,0,Bacterial_spot,Bacterial_spot,1.0
0e082152812c4db5027cad7e72a711ed,"PV_data/Pepper,_bell___Bacterial_spot/7d8da270-f47d-4422-9855-c8a4c93839ba___JR_B.Spot 9087.JPG","Pepper,_bell",0,0,Bacterial_spot,Bacterial_spot,0.9928931
f4885c1046788e0ec16bb2aad72b083c,"PV_data/Pepper,_bell___Bacterial_spot/80d302d6-102c-4fe0-acf8-8ff5b796767e___JR_B.Spot 8898.JPG","Pepper,_bell",0,0,Bacterial_spot,Bacterial_spot,1.0
45b87cf991bab508e6ab31b600158459,"PV_data/Pepper,_bell___Bacterial_spot/8295d0d3-a2b8-4f32-ac02-7e0ee8f75406___NREC_B.Spot 1790.JPG","Pepper,_bell",0,0,Bacterial_spot,Bacterial_spot,0.93035835
58cc36f7a0665dedbd32c54a17250564,"PV_data/Pepper,_bell___Bacterial_spot/8695a15f-cdb4-444f-817b-7f4fc22a7a7a___NREC_B.Spot 9230.JPG","Pepper,_bell",0,0,Bacterial_spot,Bacterial_spot,0.5460123
1f8148310f829e81f0ab12309ecacf0a,"PV_data/Pepper,_bell___Bacterial_spot/884c2da1-3b43-46aa-85bb-0f72ed25c266___JR_B.Spot 8906.JPG","Pepper,_bell",0,0,Bacterial_spot,Bacterial_spot,0.9963497
e3340031aefddec2183b26c0c898414a,"PV_data/Pepper,_bell___Bacterial_spot/8d8df238-9cd0-42b2-bd0f-46ada2ad1798___JR_B.Spot 8927.JPG","Pepper,_bell",0,0,Bacterial_spot,Bacterial_spot,1.0
937fdd8c0f95a33fd2d4754626155141,"PV_data/Pepper,_bell___Bacterial_spot/8e049c5d-6a3b-4972-94e3-057e6cbe3892___NREC_B.Spot 1901.JPG","Pepper,_bell",0,0,Bacterial_spot,Bacterial_spot,1.0
569861cf1db1525256dc792a6c5e8ae8,"PV_data/Pepper,_bell___Bacterial_spot/8ea79527-9b03-44c1-a686-db2ab4b87623___JR_B.Spot 3335.JPG","Pepper,_bell",0,0,Bacterial_spot,Bacterial_spot,1.0
d276644d3c91c5ba720ed3aae480cb13,"PV_data/Pepper,_bell___Bacterial_spot/9029703b-db1b-4227-bd29-ab05cc53b7ba___NREC_B.Spot 1802.JPG","Pepper,_bell",0,0,Bacterial_spot,Bacterial_spot,1.0
1e2228943e8e2ac851c474f13dcc1174,"PV_data/Pepper,_bell___Bacterial_spot/91d5631f-83d9-467b-b5f3-48e408594225___NREC_B.Spot 9129.JPG","Pepper,_bell",0,0,Bacterial_spot,Bacterial_spot,1.0
8798cb2529d82ff8366c62233412f5d6,"PV_data/Pepper,_bell___Bacterial_spot/948bc0e0-8552-426a-898f-270b9573c28f___NREC_B.Spot 9062.JPG","Pepper,_bell",0,0,Bacterial_spot,Bacterial_spot,0.9999995
84364c40bc5c4a5c58c58e1d1777d279,"PV_data/Pepper,_bell___Bacterial_spot/94b1fbe4-4a9d-4237-a6ca-41a6db87d654___JR_B.Spot 3242.JPG","Pepper,_bell",0,0,Bacterial_spot,Bacterial_spot,1.0
c8a576a90cd2c247bb51d413c3494b99,"PV_data/Pepper,_bell___Bacterial_spot/94f00ecd-184d-40ee-a7e9-d6feb19402cb___JR_B.Spot 8957.JPG","Pepper,_bell",0,0,Bacterial_spot,Bacterial_spot,0.9946848
f2aca59c040a91d8474eff2cf5a0c0bb,"PV_data/Pepper,_bell___Bacterial_spot/95846c59-3b47-477f-93f1-4f857099be3d___NREC_B.Spot 9203.JPG","Pepper,_bell",0,0,Bacterial_spot,Bacterial_spot,0.982614
0f000fedbe5b6d91ab6934de199c47a9,"PV_data/Pepper,_bell___Bacterial_spot/969f1458-b7a9-4880-9759-05b0005c978e___JR_B.Spot 8978.JPG","Pepper,_bell",0,0,Bacterial_spot,Bacterial_spot,0.9999999
adc84471c5f3193f30ae4da3582fd7e8,"PV_data/Pepper,_bell___Bacterial_spot/971daa99-7eea-4163-9a1e-3eebd7081f0e___JR_B.Spot 3271.JPG","Pepper,_bell",0,0,Bacterial_spot,Bacterial_spot,0.9914892
b5f60e06c532836e4ffcb3a2488492ac,"PV_data/Pepper,_bell___Bacterial_spot/9abd1ec5-33f5-418d-8527-c894dd7739d7___JR_B.Spot 9064.JPG","Pepper,_bell",0,0,Bacterial_spot,Bacterial_spot,1.0
e2da9af91531e977ce16767a675c98be,"PV_data/Pepper,_bell___Bacterial_spot/9c177d44-9a9a-42b3-8107-6ce88f258d28___JR_B.Spot 9043.JPG","Pepper,_bell",0,0,Bacterial_spot,Bacterial_spot,0.9999882
610814b980b8ebd89420b5afdb34c6cc,"PV_data/Pepper,_bell___Bacterial_spot/9cb626a6-67a9-449d-806e-e2fb89345d65___NREC_B.Spot 1788.JPG","Pepper,_bell",0,0,Bacterial_spot,Bacterial_spot,0.9999988
2d1c1339210a3403bd9188b611d71604,"PV_data/Pepper,_bell___Bacterial_spot/9d26dd65-36c0-4ff0-a1b8-5e6e7ea5e058___JR_B.Spot 8991.JPG","Pepper,_bell",0,0,Bacterial_spot,Bacterial_spot,1.0
4faa5dd32a5ca362dc5e3d98becd79da,"PV_data/Pepper,_bell___Bacterial_spot/9df5753b-f4d3-440f-a8a2-3140875436c2___JR_B.Spot 3171.JPG","Pepper,_bell",0,0,Bacterial_spot,Bacterial_spot,0.99999154
0272b4ecddb78354a83ec447624d8310,"PV_data/Pepper,_bell___Bacterial_spot/9ef2ed30-14d6-4711-92b3-9a9fbf435c9f___NREC_B.Spot 9049.JPG","Pepper,_bell",0,0,Bacterial_spot,Bacterial_spot,1.0
72ec05cc79abc000ad6f316497e839b8,"PV_data/Pepper,_bell___Bacterial_spot/9f36da2c-ab51-4fff-b394-ad22b15508eb___JR_B.Spot 9032.JPG","Pepper,_bell",0,0,Bacterial_spot,Bacterial_spot,0.99999976
d491bbf2976a34e96bd1125bf02db797,"PV_data/Pepper,_bell___Bacterial_spot/a1e9e014-6dba-4e27-9990-bff1cb95c5d5___JR_B.Spot 9026.JPG","Pepper,_bell",0,0,Bacterial_spot,Bacterial_spot,1.0
76b7efa5d28de92139733fa7c30a03de,"PV_data/Pepper,_bell___Bacterial_spot/a2237a92-dce1-469e-ba88-657d40f55319___NREC_B.Spot 9122.JPG","Pepper,_bell",0,0,Bacterial_spot,Bacterial_spot,0.99788624
fdf442004ac58820bba4235f61ead2d3,"PV_data/Pepper,_bell___Bacterial_spot/a3407dfc-9a97-4dd4-b484-527da44a161c___JR_B.Spot 9029.JPG","Pepper,_bell",0,0,Bacterial_spot,Bacterial_spot,1.0
a8397c9267ce5021a165b6ac571d2f56,"PV_data/Pepper,_bell___Bacterial_spot/a7ae874f-138c-4996-949b-f6ba3d4bc1b0___NREC_B.Spot 1959.JPG","Pepper,_bell",0,0,Bacterial_spot,Bacterial_spot,1.0
e57aca0e58f1b20b4afa7a0b3837d6ee,"PV_data/Pepper,_bell___Bacterial_spot/ad921dec-e88f-41d8-9455-0880c69063fc___NREC_B.Spot 9216.JPG","Pepper,_bell",0,0,Bacterial_spot,Bacterial_spot,0.9982089
8ceea4b96df5c884e024fa0678eda754,"PV_data/Pepper,_bell___Bacterial_spot/b0ad5e4c-522c-4215-897e-39fec504c1a6___JR_B.Spot 8840.JPG","Pepper,_bell",0,0,Bacterial_spot,Bacterial_spot,1.0
e6288cb376588abaf7a40bd812b768c4,"PV_data/Pepper,_bell___Bacterial_spot/b12cadfe-7823-40f6-9c50-87e509c9dcf7___JR_B.Spot 3393.JPG","Pepper,_bell",0,0,Bacterial_spot,Bacterial_spot,0.99999964
46e3dbc6cdbefc7628ef6ebd6d9e2dbf,"PV_data/Pepper,_bell___Bacterial_spot/b27e9697-adcc-41bb-becb-7bc34bbf3cee___JR_B.Spot 3264.JPG","Pepper,_bell",0,0,Bacterial_spot,Bacterial_spot,0.99995625
5755cc9fdac5941636c8900acf171384,"PV_data/Pepper,_bell___Bacterial_spot/b2df85c5-719c-4a97-aad5-51b3636edb91___NREC_B.Spot 9150.JPG","Pepper,_bell",0,1,Bacterial_spot,healthy,0.85873187
3ba3a85501edb0bc4bb477cba31b7762,"PV_data/Pepper,_bell___Bacterial_spot/b32ea1b7-7bf8-451e-b47c-c0cf37bba3d5___NREC_B.Spot 1913.JPG","Pepper,_bell",0,0,Bacterial_spot,Bacterial_spot,0.99998975
ae09dcd3f74441aceb60ba87578aa188,"PV_data/Pepper,_bell___Bacterial_spot/b34f18ca-799f-42bb-abbb-f1e19aa6521f___NREC_B.Spot 1944.JPG","Pepper,_bell",0,0,Bacterial_spot,Bacterial_spot,0.9992342
46c2a9af7b38cd12a06a885d0b6514ce,"PV_data/Pepper,_bell___Bacterial_spot/b3f86927-5a59-4e12-a6c5-06e82d45388d___NREC_B.Spot 9234.JPG","Pepper,_bell",0,0,Bacterial_spot,Bacterial_spot,0.99999917
12c11d76c1b76f69fbd6f2b1b1f8ac7a,"PV_data/Pepper,_bell___Bacterial_spot/b45fccde-f383-4741-a19a-fb48dc215190___JR_B.Spot 3098.JPG","Pepper,_bell",0,0,Bacterial_spot,Bacterial_spot,1.0
a0773fa3894ff8288a56dff40947e8e5,"PV_data/Pepper,_bell___Bacterial_spot/b65e91d6-4f22-4d3b-b82f-9590160b7746___JR_B.Spot 8919.JPG","Pepper,_bell",0,0,Bacterial_spot,Bacterial_spot,1.0
5625ae097be6edca400a6cb0039ff084,"PV_data/Pepper,_bell___Bacterial_spot/b76271aa-ca0b-44ac-a6f9-379ef70ef443___JR_B.Spot 3389.JPG","Pepper,_bell",0,0,Bacterial_spot,Bacterial_spot,1.0
42b404e2e1d1b0d754dcac7cc95f081c,"PV_data/Pepper,_bell___Bacterial_spot/ba89789a-d506-48d5-964b-41f5815d46b1___JR_B.Spot 3352.JPG","Pepper,_bell",0,0,Bacterial_spot,Bacterial_spot,0.9998348
b9eac9711472930324ae8048aabb547b,"PV_data/Pepper,_bell___Bacterial_spot/bc5d56b1-e0e0-4271-90a7-4d4bf2ed0fd8___JR_B.Spot 8939.JPG","Pepper,_bell",0,0,Bacterial_spot,Bacterial_spot,0.9445889
c73add4876b80bebe700a50b8e45b907,"PV_data/Pepper,_bell___Bacterial_spot/c8ea8547-4f93-4bf9-af69-79f09697e817___JR_B.Spot 3152.JPG","Pepper,_bell",0,0,Bacterial_spot,Bacterial_spot,0.99999917
876476c4eebf14f551b8e17a22d57ba3,"PV_data/Pepper,_bell___Bacterial_spot/ca2cf355-2e1f-4353-b541-7079b06a5893___JR_B.Spot 3117.JPG","Pepper,_bell",0,0,Bacterial_spot,Bacterial_spot,1.0
dd058961518c1c895d9d300c5bad9576,"PV_data/Pepper,_bell___Bacterial_spot/ce9fbb2a-9b61-463a-816f-b9d1d8273a67___JR_B.Spot 8860.JPG","Pepper,_bell",0,0,Bacterial_spot,Bacterial_spot,0.8500099
b283387aa8977c10929f411b8378864d,"PV_data/Pepper,_bell___Bacterial_spot/cfe02ced-6be9-4119-933f-75f95b88a940___JR_B.Spot 8838.JPG","Pepper,_bell",0,0,Bacterial_spot,Bacterial_spot,1.0
98e768a2992edb0557d4f75317cb8196,"PV_data/Pepper,_bell___Bacterial_spot/d0776882-b233-48b9-a7dc-a426ffc7cd0e___JR_B.Spot 3227.JPG","Pepper,_bell",0,0,Bacterial_spot,Bacterial_spot,0.9997203
35c3779a8c8699af788e173420907680,"PV_data/Pepper,_bell___Bacterial_spot/d2b4564a-7428-4f27-ae26-d30c9d013cd8___JR_B.Spot 8917.JPG","Pepper,_bell",0,0,Bacterial_spot,Bacterial_spot,0.9999999
3454d0b462b240fd24a85be76f4b8777,"PV_data/Pepper,_bell___Bacterial_spot/d2e908d9-71d4-451a-b77d-6152c4a91957___JR_B.Spot 3175.JPG","Pepper,_bell",0,0,Bacterial_spot,Bacterial_spot,0.9444447
10f3d50321d1a7942662561137bf99cf,"PV_data/Pepper,_bell___Bacterial_spot/d976cf27-8d18-4ecf-9dd1-c462e807e9a3___NREC_B.Spot 9139.JPG","Pepper,_bell",0,0,Bacterial_spot,Bacterial_spot,1.0
ac241e2c07fdafceb6af34cbf6b0f9a7,"PV_data/Pepper,_bell___Bacterial_spot/d9bc75ea-cbc2-4677-b8f8-8b7181c8292c___JR_B.Spot 8923.JPG","Pepper,_bell",0,0,Bacterial_spot,Bacterial_spot,0.9999989
b6f3b9df681c4c2671548ab6d0cdd12a,"PV_data/Pepper,_bell___Bacterial_spot/da982561-a660-482e-bccc-72bdff79e454___NREC_B.Spot 1966.JPG","Pepper,_bell",0,0,Bacterial_spot,Bacterial_spot,1.0
5bff9072c5084875226427a26a901227,"PV_data/Pepper,_bell___Bacterial_spot/dd2bf52d-685d-4feb-ac7e-846cbd29d9c3___JR_B.Spot 8891.JPG","Pepper,_bell",0,0,Bacterial_spot,Bacterial_spot,1.0
d18eb5cd9663f79febe2586d6f54ab4c,"PV_data/Pepper,_bell___Bacterial_spot/df70c605-70e2-4850-862a-a9d13d7e14f2___NREC_B.Spot 9137.JPG","Pepper,_bell",0,0,Bacterial_spot,Bacterial_spot,1.0
7aa924ef871a5bdd951b97ae17028e0c,"PV_data/Pepper,_bell___Bacterial_spot/e67a8a4a-e383-4eee-95e8-22443071ed6d___JR_B.Spot 9057.JPG","Pepper,_bell",0,0,Bacterial_spot,Bacterial_spot,0.9999945
86b071d232186807ad5b8a0ab9dd7e54,"PV_data/Pepper,_bell___Bacterial_spot/e71b39c4-8007-46c0-a925-adaf30e71fd1___JR_B.Spot 9054.JPG","Pepper,_bell",0,0,Bacterial_spot,Bacterial_spot,1.0
01854948a236ebdb385ea4d5025a1b09,"PV_data/Pepper,_bell___Bacterial_spot/e80de14e-9d15-4dc6-b519-6d5af14ba216___JR_B.Spot 8835.JPG","Pepper,_bell",0,0,Bacterial_spot,Bacterial_spot,1.0
62264a3c0d8bef5cb2ee13f982da5cb0,"PV_data/Pepper,_bell___Bacterial_spot/ea679763-149c-44b1-9593-e82242f303cb___NREC_B.Spot 1985.JPG","Pepper,_bell",0,0,Bacterial_spot,Bacterial_spot,1.0
162c62e12133c8995bb43a3f2d65b1bd,"PV_data/Pepper,_bell___Bacterial_spot/ead27319-4073-490e-80a0-08e916bbc1f2___JR_B.Spot 9084.JPG","Pepper,_bell",0,0,Bacterial_spot,Bacterial_spot,0.99487025
b4071037c477a01b63d0adfe9df0fdeb,"PV_data/Pepper,_bell___Bacterial_spot/ee596e36-e147-429a-bcf7-de47de0470c0___JR_B.Spot 3104.JPG","Pepper,_bell",0,0,Bacterial_spot,Bacterial_spot,1.0
8e5d3c49a8ba94492939681814d44070,"PV_data/Pepper,_bell___Bacterial_spot/f65e0539-ea15-4998-91bf-e74870b22caf___JR_B.Spot 9052.JPG","Pepper,_bell",0,0,Bacterial_spot,Bacterial_spot,1.0
9da4a74b7ba30970d9616c138c2d7b75,"PV_data/Pepper,_bell___Bacterial_spot/f6a20939-1617-49f7-a7a4-1dde2020426b___JR_B.Spot 3365.JPG","Pepper,_bell",0,0,Bacterial_spot,Bacterial_spot,1.0
f5eb2c661c4266c4c7849cf7ce3674b8,"PV_data/Pepper,_bell___Bacterial_spot/fc54170e-b2e9-4ff9-be85-e7ae3317f18e___JR_B.Spot 3187.JPG","Pepper,_bell",0,0,Bacterial_spot,Bacterial_spot,1.0
875a626ec16dafbc2d176867588faceb,"PV_data/Pepper,_bell___Bacterial_spot/fd733c73-855b-49df-87cd-628bcd5e87a7___NREC_B.Spot 9240.JPG","Pepper,_bell",0,0,Bacterial_spot,Bacterial_spot,0.9999995
4a5a246b6213b7a9055501316a21aaa0,"PV_data/Pepper,_bell___Bacterial_spot/fdaea662-b23a-41cf-803c-ca33cf492455___NREC_B.Spot 9069.JPG","Pepper,_bell",0,0,Bacterial_spot,Bacterial_spot,1.0
f0c9181751588bde4101b248dc6558c6,"PV_data/Pepper,_bell___Bacterial_spot/ffa3b1df-49c6-4fd2-9ec5-1ca5eb175797___JR_B.Spot 3254.JPG","Pepper,_bell",0,0,Bacterial_spot,Bacterial_spot,0.9475214
e4ceb321b6e14c0d3c4dbf0e055a7126,"PV_data/Pepper,_bell___healthy/01468dda-44f3-4de8-8aed-948bcc29b719___JR_HL 8704.JPG","Pepper,_bell",1,1,healthy,healthy,0.99947035
0f48a449189f1523281c2525b1f6f47c,"PV_data/Pepper,_bell___healthy/016c8a9f-8eab-41b2-bb4b-0eb6ed0b2a7d___JR_HL 8591.JPG","Pepper,_bell",1,1,healthy,healthy,0.9999999
eeb9ef6e876dfbba051fe7a1ec3a9c6e,"PV_data/Pepper,_bell___healthy/016ed5ad-be29-4e9d-8ae5-069a016b1327___JR_HL 8536.JPG","Pepper,_bell",1,1,healthy,healthy,0.99994814
0ab0f77011e2c2f9ceef78ab0c7ff563,"PV_data/Pepper,_bell___healthy/02a7d2e5-9169-4856-9683-d4fa9894e012___JR_HL 8002.JPG","Pepper,_bell",1,1,healthy,healthy,0.9662426
2b6f5a6211697dc42fab4368916051cb,"PV_data/Pepper,_bell___healthy/031f6e91-afc0-48c2-8989-a2ce770549d5___JR_HL 7911.JPG","Pepper,_bell",1,1,healthy,healthy,0.999877
391b0257de414025d77d0c4b8f3d460b,"PV_data/Pepper,_bell___healthy/03e8ce3f-9bb5-481c-945b-1fa7d5da09e3___JR_HL 7583.JPG","Pepper,_bell",1,1,healthy,healthy,0.9997211
f41ca65cde2af0dace24ba5875d1c4f2,"PV_data/Pepper,_bell___healthy/0414429e-4295-4216-b2ed-96b21cb35928___JR_HL 8250.JPG","Pepper,_bell",1,1,healthy,healthy,0.99996364
8fa25aeb4301c0914362abf6ebd00426,"PV_data/Pepper,_bell___healthy/06ae69f3-53f7-4ad8-b6b0-185dd26b2fc0___JR_HL 7971.JPG","Pepper,_bell",1,1,healthy,healthy,0.9998697
a5ecfd3939566bab5384f35061c26dc0,"PV_data/Pepper,_bell___healthy/08881481-53d5-412c-8d65-13c4edc6e3c1___JR_HL 8166.JPG","Pepper,_bell",1,1,healthy,healthy,0.9999689
816bbfcee4c8f897ca79b1512788a792,"PV_data/Pepper,_bell___healthy/08945f1c-9204-48d6-a5b4-bece52a18909___JR_HL 8056.JPG","Pepper,_bell",1,1,healthy,healthy,0.9999784
92fc30500c4ec3bb68cc4f37f6bb0894,"PV_data/Pepper,_bell___healthy/08af8792-fca1-451c-bf59-51cdd9d8b7e6___JR_HL 7740.JPG","Pepper,_bell",1,1,healthy,healthy,0.99998415
0c0e099cc9a95ebf0a44599b2fa40a17,"PV_data/Pepper,_bell___healthy/0984b7ed-2a64-40fe-b0fa-ff440b0fc8e4___JR_HL 8600.JPG","Pepper,_bell",1,1,healthy,healthy,0.99995124
c9c8d2a314d7a468be8b451deb3c950c,"PV_data/Pepper,_bell___healthy/0c002246-262c-46d7-9995-bd1e1b2737d9___JR_HL 7969.JPG","Pepper,_bell",1,1,healthy,healthy,0.9667763
0fcec6a51d1931b2eefcd20fd6fb4969,"PV_data/Pepper,_bell___healthy/0c93ef1a-ccc8-4a62-9353-308e7da3ac3e___JR_HL 8245.JPG","Pepper,_bell",1,1,healthy,healthy,0.99965835
a80533d1fa957f44f8b7c0f5e01a1317,"PV_data/Pepper,_bell___healthy/0d4e35c0-f6d6-4810-9522-14e1d491a05d___JR_HL 8673.JPG","Pepper,_bell",1,1,healthy,healthy,0.9997259
2a85ef59980be5329f510c7f53e57ec7,"PV_data/Pepper,_bell___healthy/0e043e9a-7652-4e7a-aef1-0caa0c085f55___JR_HL 8479.JPG","Pepper,_bell",1,1,healthy,healthy,0.99916434
6bf8aef5151bf465e5514d2bef13af7a,"PV_data/Pepper,_bell___healthy/0e05c3e0-7766-4049-b7a8-563b5c028c33___JR_HL 8828.JPG","Pepper,_bell",1,1,healthy,healthy,0.99985147
d9df75a4427ee985163c72d62299211f,"PV_data/Pepper,_bell___healthy/0eb476b9-8b21-4b24-adef-7db813abbca3___JR_HL 7926.JPG","Pepper,_bell",1,0,healthy,Bacterial_spot,0.6928567
a1480125e22cf6805562d64c530b1b2f,"PV_data/Pepper,_bell___healthy/10614d60-3077-4bdf-9771-53e8be8add9e___JR_HL 8302.JPG","Pepper,_bell",1,1,healthy,healthy,0.9997218
c879e520c84201e197c06efc62ab2a32,"PV_data/Pepper,_bell___healthy/126ffc98-0b54-4c66-a827-8bd4b7153259___JR_HL 7833.JPG","Pepper,_bell",1,1,healthy,healthy,0.9999988
8c59f2f70c7bbca9f25447a07e9c5557,"PV_data/Pepper,_bell___healthy/13da19c9-4e58-4315-8607-1bf0e33a0cb7___JR_HL 8104.JPG","Pepper,_bell",1,1,healthy,healthy,0.9999362
17964a081ea2051ad23ee059fc7993ab,"PV_data/Pepper,_bell___healthy/14473c6e-c261-43c0-baac-25bb228ce5d9___JR_HL 7811.JPG","Pepper,_bell",1,1,healthy,healthy,0.99995685
63800ed4b498f200a4213c9e825b56dd,"PV_data/Pepper,_bell___healthy/16898ed4-107c-40ba-8e1f-2818e06f8426___JR_HL 8702.JPG","Pepper,_bell",1,1,healthy,healthy,0.99998367
5e2cfd14fefa4f37aacfe1f4d22423a4,"PV_data/Pepper,_bell___healthy/18f75aea-62fb-4c71-998a-ff62d078ab21___JR_HL 8174.JPG","Pepper,_bell",1,1,healthy,healthy,0.99999833
49c643f1a92ce089a1a024293729a9c3,"PV_data/Pepper,_bell___healthy/19f9585d-868d-42e8-9d63-cae9fe345bd4___JR_HL 5839.JPG","Pepper,_bell",1,1,healthy,healthy,0.9999901
518c16d1825b24d0abbe1612d2ff8a45,"PV_data/Pepper,_bell___healthy/1a482d0c-d3a9-4e79-b412-f2288dc5067f___JR_HL 5852.JPG","Pepper,_bell",1,1,healthy,healthy,0.9999225
20fb72327bf83452bd7d693fc2e4d993,"PV_data/Pepper,_bell___healthy/1bfa8779-be94-4f16-9668-08c91f9ce3d6___JR_HL 8358.JPG","Pepper,_bell",1,1,healthy,healthy,0.9999927
b94189f2a825adc415ebbcb77b68f7af,"PV_data/Pepper,_bell___healthy/1c043016-2d55-444d-a379-4a2aafc41a32___JR_HL 7909.JPG","Pepper,_bell",1,1,healthy,healthy,0.9999652
6e29d95f948ae65f09ca90ac864224b9,"PV_data/Pepper,_bell___healthy/1ce2eb3c-b8a7-4839-9728-a380909f9b89___JR_HL 8448.JPG","Pepper,_bell",1,1,healthy,healthy,0.9999802
015510977a14797da0317af8019b4ade,"PV_data/Pepper,_bell___healthy/20239e3e-cf5a-40d0-a813-02989a7a92d5___JR_HL 7729.JPG","Pepper,_bell",1,1,healthy,healthy,0.9996462
b335b90fff099191d952f83ef6fd175b,"PV_data/Pepper,_bell___healthy/206fc5a6-80c8-4e7f-8673-2a80b4593b76___JR_HL 8170.JPG","Pepper,_bell",1,1,healthy,healthy,0.99971205
fd18e2189278221d0f28f0005121806f,"PV_data/Pepper,_bell___healthy/21cc03be-6e7d-4f5b-bdf5-8f3d8af01f74___JR_HL 7956.JPG","Pepper,_bell",1,1,healthy,healthy,0.999995
7b0419847952eae7305790e380b9ec57,"PV_data/Pepper,_bell___healthy/2359f487-7e4a-4480-a788-72fbc570afba___JR_HL 7739.JPG","Pepper,_bell",1,1,healthy,healthy,0.99999726
2c2975a79350adc657e295d178c74180,"PV_data/Pepper,_bell___healthy/24eb97a4-6671-48dd-96f7-3f2c86e80e21___JR_HL 5928.JPG","Pepper,_bell",1,1,healthy,healthy,0.9857519
4dea5ba8a7994934e266de894c13d9e5,"PV_data/Pepper,_bell___healthy/265d5430-3017-440a-b4f3-abfa0d2cbaed___JR_HL 7608.JPG","Pepper,_bell",1,1,healthy,healthy,0.99994195
65d30b9fe35cef8638cb7c7c2c5768a4,"PV_data/Pepper,_bell___healthy/26605bb8-e0b1-4232-b4bb-a4aba0b47edd___JR_HL 8777.JPG","Pepper,_bell",1,1,healthy,healthy,0.8778176
13b182808e98384bee43b8dd874288a0,"PV_data/Pepper,_bell___healthy/26973212-3931-4a98-909f-4607af0142e2___JR_HL 8131.JPG","Pepper,_bell",1,1,healthy,healthy,0.9999819
3fb66ceae40028969833d395d4883e81,"PV_data/Pepper,_bell___healthy/28cb1970-1ca2-452a-ace6-cd98f1aeb57c___JR_HL 8886.JPG","Pepper,_bell",1,1,healthy,healthy,0.99995947
093ca0fb25946b076c7920aadf2fcf79,"PV_data/Pepper,_bell___healthy/296be9fb-0c43-48a4-9d05-8d906fee9c16___JR_HL 8643.JPG","Pepper,_bell",1,1,healthy,healthy,0.9998617
3a9f65d5951d56f26c59741bed5b0c5d,"PV_data/Pepper,_bell___healthy/31dce414-c0de-4355-b10e-953ac45623f0___JR_HL 8034.JPG","Pepper,_bell",1,1,healthy,healthy,0.99995434
522c7f783a24643c1bd73c2a57bbe5bd,"PV_data/Pepper,_bell___healthy/32aa6f21-cdb9-41a8-8135-cd07c9341b25___JR_HL 5961.JPG","Pepper,_bell",1,1,healthy,healthy,0.9998658
281774e9883ab596547d53c9aef23e61,"PV_data/Pepper,_bell___healthy/3350cc79-a559-4204-aade-92eb31916006___JR_HL 8901.JPG","Pepper,_bell",1,1,healthy,healthy,0.999315
5d80c19199a9a3b0990aede3035066c9,"PV_data/Pepper,_bell___healthy/344a9b3a-0748-4fb0-9622-83be2ebfccf1___JR_HL 8574.JPG","Pepper,_bell",1,1,healthy,healthy,0.99999833
2461129e9c96c8bab71f1ba664c4fe8b,"PV_data/Pepper,_bell___healthy/346a8afc-772b-4d9d-a4ad-e1aaec6227bc___JR_HL 8730.JPG","Pepper,_bell",1,1,healthy,healthy,0.9999877
6bf3d2dcbad077cac4f3d32a0bb4d5cf,"PV_data/Pepper,_bell___healthy/359fd210-bc58-413b-9367-df218023b037___JR_HL 8638.JPG","Pepper,_bell",1,1,healthy,healthy,0.9999958
65572bee305568d1f124df4326807bdf,"PV_data/Pepper,_bell___healthy/35c7f0ff-2b3b-4d07-be50-08ff0edfc51f___JR_HL 7625.JPG","Pepper,_bell",1,1,healthy,healthy,0.9999747
1a5edec9c49b1933335ae1878f893c17,"PV_data/Pepper,_bell___healthy/37507496-06e8-484e-b389-aa3bfed56be1___JR_HL 5935.JPG","Pepper,_bell",1,1,healthy,healthy,0.99964786
4c53d9b1fe5fde54f301e02a7f8c49fc,"PV_data/Pepper,_bell___healthy/3b8c55fd-ddd6-4ab6-94e8-3be93b1728eb___JR_HL 5963.JPG","Pepper,_bell",1,1,healthy,healthy,0.9999988
384e2bc95a853f47754dc2d9e7edcba9,"PV_data/Pepper,_bell___healthy/3e26a2d8-a7f6-4d3f-bcb7-63ab63b0ff39___JR_HL 8043.JPG","Pepper,_bell",1,1,healthy,healthy,0.99876225
6e183def943d778919970fb49112c25c,"PV_data/Pepper,_bell___healthy/41b94c99-7063-42dc-9ce7-22ff087317e9___JR_HL 7696.JPG","Pepper,_bell",1,1,healthy,healthy,0.99979913
e892a9adebf7e98e3490d75e5269b3a1,"PV_data/Pepper,_bell___healthy/46b55f82-ee0c-4db8-98da-710f0423c1b9___JR_HL 8389.JPG","Pepper,_bell",1,1,healthy,healthy,0.9999697
e06239d9c538edf78b354369d67b7d55,"PV_data/Pepper,_bell___healthy/4a014d71-25aa-47f4-b7cf-37dfd777b246___JR_HL 8433.JPG","Pepper,_bell",1,1,healthy,healthy,0.9999964
4c75b00a5486df645534d5e4e027ae6e,"PV_data/Pepper,_bell___healthy/4a2df028-ffb3-4b00-a538-e69473c1101b___JR_HL 7567.JPG","Pepper,_bell",1,1,healthy,healthy,0.99797815
b6986cff838bee2613b8b159bc1725bf,"PV_data/Pepper,_bell___healthy/4a5268b4-1614-4ea5-b973-72126fbfd7f2___JR_HL 8102.JPG","Pepper,_bell",1,1,healthy,healthy,0.99996626
a908749f478723617172154739f9616a,"PV_data/Pepper,_bell___healthy/4cdfdfb8-1efa-4a4f-af25-1e968c3aa38c___JR_HL 7607.JPG","Pepper,_bell",1,1,healthy,healthy,0.999809
5f5abc604f44961036c517e419297ac3,"PV_data/Pepper,_bell___healthy/4d420109-050f-4d2a-a0c6-8f2bec2fe381___JR_HL 5951.JPG","Pepper,_bell",1,1,healthy,healthy,0.9324193
3715b6a9bf978f65acef3a4539f517dc,"PV_data/Pepper,_bell___healthy/4e73e705-1163-43fc-ab6b-27207d9d37c6___JR_HL 8124.JPG","Pepper,_bell",1,1,healthy,healthy,0.9998772
6d6f956a6b20e711b9cc5228ef0ac3c7,"PV_data/Pepper,_bell___healthy/4e9af7bf-96f5-4973-8470-0db94ef8e375___JR_HL 7896.JPG","Pepper,_bell",1,1,healthy,healthy,0.99999976
795f8756ceee1f9fafaa57ce5f676404,"PV_data/Pepper,_bell___healthy/4eee40c4-029f-49eb-a918-1aeee490ccdf___JR_HL 8401.JPG","Pepper,_bell",1,1,healthy,healthy,0.99799794
5ce9b4f6b5d93dd8b103d493ff8ab37a,"PV_data/Pepper,_bell___healthy/4fa781ca-8ec1-4446-82a6-c97751f91f71___JR_HL 8279.JPG","Pepper,_bell",1,1,healthy,healthy,0.99992394
7deef713072dbe7002373666b5aafd03,"PV_data/Pepper,_bell___healthy/508ca47c-f3f9-4e1e-a9e8-759de2d45471___JR_HL 8678.JPG","Pepper,_bell",1,1,healthy,healthy,0.99581224
04ee842d979dcd8d3def5a8db963034c,"PV_data/Pepper,_bell___healthy/51d2789e-a52a-4f5b-a1fa-20ae9267df78___JR_HL 8130.JPG","Pepper,_bell",1,1,healthy,healthy,0.998237
f4bf8b3676d08a52e97342856e0da896,"PV_data/Pepper,_bell___healthy/51e49986-3954-472f-8504-a95452b0fc88___JR_HL 7666.JPG","Pepper,_bell",1,1,healthy,healthy,0.9999467
44f1fd2dbd88e7a3e5d07bb402853515,"PV_data/Pepper,_bell___healthy/52197c22-7ca0-4ec1-b1b1-c91b4f5aba8e___JR_HL 8085.JPG","Pepper,_bell",1,1,healthy,healthy,0.99982214
dd9b38fc24d610545d0f0b21bc19dbff,"PV_data/Pepper,_bell___healthy/52fd227a-51d0-46ec-87c2-c5a0833f07c9___JR_HL 8529.JPG","Pepper,_bell",1,1,healthy,healthy,0.9996869
94333ade0c6222fcf1a8d07f900c533b,"PV_data/Pepper,_bell___healthy/540efd70-a3a8-4c12-8414-a8825c6c6ae6___JR_HL 7978.JPG","Pepper,_bell",1,1,healthy,healthy,0.9999994
c8177c9a3d2118d3e5ca2601291d5e6a,"PV_data/Pepper,_bell___healthy/558a9812-6f13-4355-a6df-35ef89444b8e___JR_HL 7817.JPG","Pepper,_bell",1,1,healthy,healthy,0.9999924
ac78e2dd3bc010ee4ad3481e6ffaa98c,"PV_data/Pepper,_bell___healthy/55d17ef7-3f98-47a9-83dd-60c83a38902d___JR_HL 7928.JPG","Pepper,_bell",1,1,healthy,healthy,0.99958044
a4569dc82946af348a0174b1e0d0e428,"PV_data/Pepper,_bell___healthy/57205d1c-04ed-4af8-a011-8b1beabb8295___JR_HL 5845.JPG","Pepper,_bell",1,1,healthy,healthy,0.9124368
8effe8dda94d28bcd629dc9ee974874d,"PV_data/Pepper,_bell___healthy/59d51855-3e02-4082-817a-b62184efadc3___JR_HL 8849.JPG","Pepper,_bell",1,1,healthy,healthy,0.9065894
4dbb4c0042e9fd67377882b7dd1df3d5,"PV_data/Pepper,_bell___healthy/5af94784-1208-4c66-b95d-5743128bde63___JR_HL 7711.JPG","Pepper,_bell",1,1,healthy,healthy,0.9999988
de84a68310cc1b6815dddddd2ebe6eee,"PV_data/Pepper,_bell___healthy/5d0dec6f-047f-4049-b9fb-0d3842d6a5cb___JR_HL 8530.JPG","Pepper,_bell",1,1,healthy,healthy,0.99991405
46c0c7970f7e447fbbb4fec2f5b95385,"PV_data/Pepper,_bell___healthy/5d99044d-1316-4808-9580-770052a59c46___JR_HL 5876.JPG","Pepper,_bell",1,1,healthy,healthy,0.999928
371cc521253d0b6398ad6a805c506f50,"PV_data/Pepper,_bell___healthy/5ea016e4-284f-45ac-b9da-60d4ac5141e4___JR_HL 7987.JPG","Pepper,_bell",1,1,healthy,healthy,0.9966642
f2722c77c60214122c498c2185bd641b,"PV_data/Pepper,_bell___healthy/5ea0d081-386e-4acf-9986-86112d1993ff___JR_HL 8373.JPG","Pepper,_bell",1,1,healthy,healthy,0.9998839
926eed6e9ca6fda2c821aef8c67363f0,"PV_data/Pepper,_bell___healthy/5eb3b605-abc6-472a-a8bb-11c6533f2306___JR_HL 7840.JPG","Pepper,_bell",1,1,healthy,healthy,0.99999976
c1bd5f97f47eb6b51bff1ae24db2decc,"PV_data/Pepper,_bell___healthy/5ee3b3d6-51d7-4106-a7be-c194dd0b762a___JR_HL 7656.JPG","Pepper,_bell",1,1,healthy,healthy,0.99999917
12c5a89794ec0498f1a6f4e5d752c730,"PV_data/Pepper,_bell___healthy/615f1ae8-e24a-467c-93eb-c4dd352e3f50___JR_HL 7767.JPG","Pepper,_bell",1,1,healthy,healthy,0.99999535
eb3fa9100e63864b2d511b3c032f2328,"PV_data/Pepper,_bell___healthy/6189bc8c-6309-4692-8fa2-efe95f3c27d1___JR_HL 7802.JPG","Pepper,_bell",1,1,healthy,healthy,1.0
07ee591c9116b8eaecad913e687dd7ff,"PV_data/Pepper,_bell___healthy/62e9114f-1382-48c5-a829-ac7527e5f10f___JR_HL 7993.JPG","Pepper,_bell",1,1,healthy,healthy,0.9917459
89be1106ad5b38814c40b5f128da6047,"PV_data/Pepper,_bell___healthy/64198e06-2fa0-4b31-87bb-a78723959f8d___JR_HL 5989.JPG","Pepper,_bell",1,1,healthy,healthy,0.99995303
6ffda740e48d136b78a26ad18828cfc0,"PV_data/Pepper,_bell___healthy/6526a25c-f7ee-42ac-8a8a-d24a0a067218___JR_HL 8161.JPG","Pepper,_bell",1,1,healthy,healthy,0.99982107
fd245263614bad012b06bb693a446402,"PV_data/Pepper,_bell___healthy/664d7802-d1ee-4095-ac6a-61bd3e2f1c13___JR_HL 8666.JPG","Pepper,_bell",1,1,healthy,healthy,0.99997234
8f117c93f3b42690052bbade8a0c7e76,"PV_data/Pepper,_bell___healthy/66df6879-50e4-4aba-8088-7f038a9b7ad1___JR_HL 8831.JPG","Pepper,_bell",1,1,healthy,healthy,0.9999647
bb5ac74d5a3e12d9017f64e98b2701ee,"PV_data/Pepper,_bell___healthy/683ad8ea-9475-4351-b419-3b2bf6cdc026___JR_HL 8363.JPG","Pepper,_bell",1,1,healthy,healthy,0.82635736
4291f52763e95aa688b0b9b473a33cfd,"PV_data/Pepper,_bell___healthy/68bf32ff-b8b9-4412-a83e-a21ba49fe025___JR_HL 8771.JPG","Pepper,_bell",1,1,healthy,healthy,0.97862667
a8b1858d4a45c4a4dc750b3dcdb4b2cc,"PV_data/Pepper,_bell___healthy/6af0dc26-87c3-4eef-be98-8c6741a8f94d___JR_HL 8735.JPG","Pepper,_bell",1,1,healthy,healthy,0.9985593
d0a8e46993cd284ebe352d6cc75d63a8,"PV_data/Pepper,_bell___healthy/6c0c92fd-591b-4ecf-90b0-0eec3513dce3___JR_HL 8788.JPG","Pepper,_bell",1,1,healthy,healthy,0.9998568
92e4710a4652b6868aea9612e77ac8af,"PV_data/Pepper,_bell___healthy/6c8f7323-5d71-44d3-8d30-825f91de854a___JR_HL 7577.JPG","Pepper,_bell",1,1,healthy,healthy,0.9999956
c11fc9709782a760791ade05a94e8167,"PV_data/Pepper,_bell___healthy/6e9949e7-6036-4db1-a3a7-e9b78097146f___JR_HL 5964.JPG","Pepper,_bell",1,1,healthy,healthy,0.99978197
0d646d5e28a4b61cd632d2f6facfced0,"PV_data/Pepper,_bell___healthy/6ede0514-f306-48fd-ba90-efb0ac8f28dd___JR_HL 8195.JPG","Pepper,_bell",1,1,healthy,healthy,0.99958795
cce516f32326628be55f3691043c42e3,"PV_data/Pepper,_bell___healthy/7267607f-acf4-40fb-b691-e46ade9b87c9___JR_HL 8758.JPG","Pepper,_bell",1,1,healthy,healthy,0.99917346
d3e002792730afbbd304419a3516372a,"PV_data/Pepper,_bell___healthy/73ac9ebe-2f3f-455e-8ae7-750b3be4a7f6___JR_HL 8532.JPG","Pepper,_bell",1,1,healthy,healthy,0.99874747
9ecf33194a30b51fd6612555558b2ff2,"PV_data/Pepper,_bell___healthy/74757941-c844-4b45-9eb5-b8cf04cb779d___JR_HL 5842.JPG","Pepper,_bell",1,1,healthy,healthy,0.9998137
7c924291196df80606518705406eabbf,"PV_data/Pepper,_bell___healthy/78f06e4b-4bfa-4b29-bdbd-56fde223ff4e___JR_HL 7976.JPG","Pepper,_bell",1,1,healthy,healthy,0.99999297
a5b18c373bed31289bff661d316da0c3,"PV_data/Pepper,_bell___healthy/79052190-9b72-4a0c-ae70-ac468d89b3fb___JR_HL 8150.JPG","Pepper,_bell",1,1,healthy,healthy,0.9999447
a53c4198fb1936a427a7893db3b5bfd5,"PV_data/Pepper,_bell___healthy/7a4be7ca-f56e-483e-b4e3-cf5ed0759a42___JR_HL 8078.JPG","Pepper,_bell",1,1,healthy,healthy,0.99997497
64614de34ff8ebae34082c36d186b569,"PV_data/Pepper,_bell___healthy/7c95b0e8-b8df-4312-aca8-51d4731e7c1e___JR_HL 8899.JPG","Pepper,_bell",1,1,healthy,healthy,0.9996326
243e22eff5626fbbe1afc5ca5f05c6c4,"PV_data/Pepper,_bell___healthy/7cad85ff-b760-4440-b81e-e25fec79afbd___JR_HL 7709.JPG","Pepper,_bell",1,1,healthy,healthy,0.9995165
2dc36ef3be61089359aa592fbabc92f2,"PV_data/Pepper,_bell___healthy/7da6a94b-14ac-4fd8-9a26-33be1c09d411___JR_HL 8789.JPG","Pepper,_bell",1,1,healthy,healthy,0.99977195
f16c3c0da43c65397543ba5c70f197b3,"PV_data/Pepper,_bell___healthy/7dbe2d75-e326-40fb-a754-0e04ba468883___JR_HL 8320.JPG","Pepper,_bell",1,1,healthy,healthy,0.9347859
77c0a6bf8d144101ee980632c90c808a,"PV_data/Pepper,_bell___healthy/7e48d50d-d877-4b5d-9aad-6a451e0ba067___JR_HL 8103.JPG","Pepper,_bell",1,1,healthy,healthy,0.9997354
0853f7bae0302374ec13f353053878b3,"PV_data/Pepper,_bell___healthy/7ec579ba-10b2-473e-825f-8a4254d98ded___JR_HL 7901.JPG","Pepper,_bell",1,1,healthy,healthy,0.9843908
d94a91da9f69c83bd9d754fccbc23f59,"PV_data/Pepper,_bell___healthy/7ed4a087-3cef-4012-8450-18c0487362da___JR_HL 8434.JPG","Pepper,_bell",1,1,healthy,healthy,0.9989574
454b384469a131f096f80e3c6e264022,"PV_data/Pepper,_bell___healthy/7f972870-1c00-4e0c-bc1e-53cd97acb2d5___JR_HL 7700.JPG","Pepper,_bell",1,1,healthy,healthy,0.9997402
32d0dd7550c29f07311877513e3dc214,"PV_data/Pepper,_bell___healthy/8005d2e1-d9db-4671-9d00-4fc6e12704fe___JR_HL 8327.JPG","Pepper,_bell",1,1,healthy,healthy,0.99888307
dfbc04f0606f30c439e7f77166e9b967,"PV_data/Pepper,_bell___healthy/8485a59c-2014-49e9-bed5-7581cb9fcd84___JR_HL 8319.JPG","Pepper,_bell",1,1,healthy,healthy,0.9972505
882547ea805489ee583b3b8ce5757bcd,"PV_data/Pepper,_bell___healthy/84a2db83-35aa-48cb-8d75-d8f9e3a5c0b3___JR_HL 8361.JPG","Pepper,_bell",1,1,healthy,healthy,0.9997609
8343715bf329a80bf452c85b170df5cb,"PV_data/Pepper,_bell___healthy/85bf3b78-72e9-4e2a-8f7c-b330b36170ab___JR_HL 5981.JPG","Pepper,_bell",1,1,healthy,healthy,0.9992694
c53e7610cca0a0fbdaab8ce628670c0c,"PV_data/Pepper,_bell___healthy/871be79b-b1f0-42a1-9833-2d8b45cc18d9___JR_HL 8356.JPG","Pepper,_bell",1,1,healthy,healthy,0.9998388
943f781fdd3e6b6d239fd8e6bf937d2c,"PV_data/Pepper,_bell___healthy/87c36fb4-0ad9-4386-8324-25e21df2a7d4___JR_HL 8547.JPG","Pepper,_bell",1,1,healthy,healthy,0.999395
ee511a57a28208a8af600b2e441abf69,"PV_data/Pepper,_bell___healthy/88e440d8-6cea-4146-98d9-29c0ade1b88f___JR_HL 7927.JPG","Pepper,_bell",1,1,healthy,healthy,0.98785883
85c1384e73da16ad7fe27eeb5e3d7999,"PV_data/Pepper,_bell___healthy/89af662a-f923-49c8-b99a-9cdfa4a8ba32___JR_HL 7790.JPG","Pepper,_bell",1,1,healthy,healthy,0.9999964
7ad40e8ffb12cfe37d843eddf14429ac,"PV_data/Pepper,_bell___healthy/8a2881b1-f331-442d-9c3b-95695b020909___JR_HL 8557.JPG","Pepper,_bell",1,1,healthy,healthy,0.9999229
773b27de3ea7fb328fd35a5b7fba0243,"PV_data/Pepper,_bell___healthy/8bd3df6b-9344-49ee-8597-776ba6b54317___JR_HL 8404.JPG","Pepper,_bell",1,1,healthy,healthy,0.9998113
cb812621cfe03afc45b1068a81aefed8,"PV_data/Pepper,_bell___healthy/8da449fa-7fa0-4be4-80d0-e86713eb8e7a___JR_HL 8198.JPG","Pepper,_bell",1,1,healthy,healthy,0.99910206
10769b832fdc51e9669d12ef02965c9e,"PV_data/Pepper,_bell___healthy/8df9ced4-88b2-496e-8988-b82f7e94c103___JR_HL 7671.JPG","Pepper,_bell",1,1,healthy,healthy,0.9989241
baa11901c766fcde9f23ab913ffc89d1,"PV_data/Pepper,_bell___healthy/8e72a5ec-554d-4e13-a8ff-19f9177037eb___JR_HL 5896.JPG","Pepper,_bell",1,1,healthy,healthy,0.99999416
6298a1ba9f2bbf15fcf275777237f9ca,"PV_data/Pepper,_bell___healthy/8f22c1c0-6cbe-4fa3-9fe1-2752685622d1___JR_HL 7570.JPG","Pepper,_bell",1,1,healthy,healthy,0.9460788
5003b67a18eed0b581cc9939b83a7488,"PV_data/Pepper,_bell___healthy/8fb9b07b-4ffb-4b5b-b402-4a830a8f05e7___JR_HL 8449.JPG","Pepper,_bell",1,1,healthy,healthy,0.9999676
afdb4e57905783ec3c07fb5a5a8f670e,"PV_data/Pepper,_bell___healthy/90e840e0-3b8c-4100-8340-ef0ed67e5972___JR_HL 8367.JPG","Pepper,_bell",1,1,healthy,healthy,0.99840647
ed385987eaccef3697bc28909b4ec8ee,"PV_data/Pepper,_bell___healthy/91cb4421-e15b-4125-a854-d1d2c65b1267___JR_HL 5936.JPG","Pepper,_bell",1,1,healthy,healthy,0.9999379
ef92906250df717698c24d83cf0687c9,"PV_data/Pepper,_bell___healthy/95568ba3-79c0-462c-9416-c65610d1f737___JR_HL 8482.JPG","Pepper,_bell",1,1,healthy,healthy,0.9996313
7cf4131f09b5cff236ba5f501f6da928,"PV_data/Pepper,_bell___healthy/967bda4f-47e2-4182-8d6b-3cc5cb613166___JR_HL 8614.JPG","Pepper,_bell",1,1,healthy,healthy,0.99999416
4d71551d7ee660fd6fef80837ee4ab1e,"PV_data/Pepper,_bell___healthy/96c6b91d-dbd3-4c64-8280-30e72cad1bff___JR_HL 8619.JPG","Pepper,_bell",1,1,healthy,healthy,0.9999949
cf3c57c53ad89ac341a413064271be63,"PV_data/Pepper,_bell___healthy/96d849a9-9448-4832-980a-b4b7ec1a32ae___JR_HL 8293.JPG","Pepper,_bell",1,1,healthy,healthy,0.99998677
e99b647c9fe0145df945cad8c4177553,"PV_data/Pepper,_bell___healthy/978258d9-3b2f-4368-80aa-3288d2e40b7f___JR_HL 7632.JPG","Pepper,_bell",1,1,healthy,healthy,0.9998882
b156c6fad0ea199b217204133711a376,"PV_data/Pepper,_bell___healthy/97cecbac-8471-4dca-b022-05819d2eed35___JR_HL 8885.JPG","Pepper,_bell",1,1,healthy,healthy,0.9999981
9443577564191a0d4ca80240fdf8e5dc,"PV_data/Pepper,_bell___healthy/9915883a-fcc4-457a-bcc3-404fd25ba386___JR_HL 7605.JPG","Pepper,_bell",1,1,healthy,healthy,0.9999368
4f96db9057b1fd74563f5ff5ea54f87f,"PV_data/Pepper,_bell___healthy/9a9d4bac-388f-4d06-8b36-8c6734832755___JR_HL 5987.JPG","Pepper,_bell",1,1,healthy,healthy,0.99998116
64e7496ef0c8a08b7fa38c20649e8cba,"PV_data/Pepper,_bell___healthy/9ae3484d-54c9-431d-ae40-59729ca60af8___JR_HL 8634.JPG","Pepper,_bell",1,1,healthy,healthy,0.99983954
12193e1b27fc0933c11127b03c03f8b4,"PV_data/Pepper,_bell___healthy/9afc1466-639b-4652-ac11-5ae5278922fc___JR_HL 5913.JPG","Pepper,_bell",1,1,healthy,healthy,0.99983454
29e3fa5b921c6f8845317a68e7692940,"PV_data/Pepper,_bell___healthy/9bdb797d-83c7-4b43-a148-745885d5ae2b___JR_HL 8153.JPG","Pepper,_bell",1,1,healthy,healthy,0.9999827
7c42afad690d5ca62ac5fa1db4988dd8,"PV_data/Pepper,_bell___healthy/9d5afa2f-31ed-4f5b-aba4-f1f9725f97ef___JR_HL 7655.JPG","Pepper,_bell",1,1,healthy,healthy,0.9999931
6dbebeac09204052ad345efb01e19ee6,"PV_data/Pepper,_bell___healthy/9e17a7df-6284-467f-b223-33b0d06d0a81___JR_HL 5973.JPG","Pepper,_bell",1,1,healthy,healthy,0.9999976
c9dd38b3fff29affbcebaa526af4b191,"PV_data/Pepper,_bell___healthy/9f294825-ea53-4dba-b8a7-d1cb9a4fa8c2___JR_HL 7934.JPG","Pepper,_bell",1,1,healthy,healthy,0.99996626
d7e87abcc5db8633f150da5cda99c3bf,"PV_data/Pepper,_bell___healthy/a0e415ac-6532-4648-ac52-3cb0c8c544ed___JR_HL 8071.JPG","Pepper,_bell",1,1,healthy,healthy,0.9999627
83c302b65ddc8b00158e07efd8397b06,"PV_data/Pepper,_bell___healthy/a146fbd3-c5c4-4de5-96e0-95a3163fb95a___JR_HL 5860.JPG","Pepper,_bell",1,1,healthy,healthy,0.9993979
d98860822ee45b3de35dd18f9f64324f,"PV_data/Pepper,_bell___healthy/a4323d53-447d-45df-9733-5bf958108d10___JR_HL 5974.JPG","Pepper,_bell",1,1,healthy,healthy,0.9999485
ad4f69eee3491cb7431e70f5d73b7cda,"PV_data/Pepper,_bell___healthy/a53a0c02-3353-40c3-98ee-e4e9d7432b19___JR_HL 8760.JPG","Pepper,_bell",1,1,healthy,healthy,0.99560493
8535a544a62fdd7ab99a0a0c4109acec,"PV_data/Pepper,_bell___healthy/a583c3b4-1a4b-4409-b544-ec8f2a531efd___JR_HL 8108.JPG","Pepper,_bell",1,1,healthy,healthy,0.98853767
cad903eac1bf2207324ddb0131111e24,"PV_data/Pepper,_bell___healthy/a75f1c24-d102-4283-8033-dade69c87c04___JR_HL 5834.JPG","Pepper,_bell",1,1,healthy,healthy,0.9999808
8bb8b9657f2c903cae4ccbfcff6251cd,"PV_data/Pepper,_bell___healthy/a7766fc4-117e-4e48-bc2d-e2639512ad69___JR_HL 7957.JPG","Pepper,_bell",1,1,healthy,healthy,0.9999918
0908e4ceb6cf0c403d16a4846ac1b040,"PV_data/Pepper,_bell___healthy/a87fefe4-6f62-46e2-90b9-273ba9997ed1___JR_HL 8292.JPG","Pepper,_bell",1,1,healthy,healthy,0.999786
b71eb51d7dea31b1d4a722841d049b93,"PV_data/Pepper,_bell___healthy/aa2fb7e9-0695-4868-9f85-bd0e912fee30___JR_HL 8762.JPG","Pepper,_bell",1,1,healthy,healthy,0.9999188
f8f05c6414cd0a6edeee9b129254c7f9,"PV_data/Pepper,_bell___healthy/ab429711-fce5-4ae7-a8d0-7a2db40da25d___JR_HL 8014.JPG","Pepper,_bell",1,1,healthy,healthy,0.996079
b7835c87d73e79d062b27ff2e8d767e7,"PV_data/Pepper,_bell___healthy/ac4bb042-f8bc-42cc-91b4-76d4287bdc25___JR_HL 8700.JPG","Pepper,_bell",1,1,healthy,healthy,0.99999225
38543a7b07c1eaa578bc132f0d92a421,"PV_data/Pepper,_bell___healthy/ad1303c4-8c71-484d-aa80-2f43e8cce03d___JR_HL 8207.JPG","Pepper,_bell",1,1,healthy,healthy,0.9999728
b768d53146ea21505dde8853ce29ab34,"PV_data/Pepper,_bell___healthy/ad4d5ac8-0cea-4d31-8108-3d6c6977bbc3___JR_HL 8138.JPG","Pepper,_bell",1,1,healthy,healthy,0.98912525
1733e59622db9bc22801498b1a39b4b4,"PV_data/Pepper,_bell___healthy/ada9a8bc-c0a4-4adb-bedd-a6c6a5138ff0___JR_HL 5900.JPG","Pepper,_bell",1,1,healthy,healthy,0.99996424
5aff1d20369507294ff7c8590d410081,"PV_data/Pepper,_bell___healthy/aef76e6b-3245-4653-887a-a64d76a93bb8___JR_HL 8042.JPG","Pepper,_bell",1,1,healthy,healthy,0.9944147
42c58ca65391643a1cf7a759559c61d4,"PV_data/Pepper,_bell___healthy/b1b97da5-2df5-4530-913a-721a35881ebf___JR_HL 8877.JPG","Pepper,_bell",1,1,healthy,healthy,0.99933404
9b42a273ee2711065e22de5072f29553,"PV_data/Pepper,_bell___healthy/b3f830ee-a2b4-4e58-8f76-4c11c315c31e___JR_HL 5911.JPG","Pepper,_bell",1,1,healthy,healthy,0.999977
c28cdb23a32c44d403a0fa25af3129b9,"PV_data/Pepper,_bell___healthy/ba49d658-9f89-4b8e-9cba-6f3ae0e03315___JR_HL 8220.JPG","Pepper,_bell",1,1,healthy,healthy,0.99999905
7490bb726e3fdf36233ddf0117cf3599,"PV_data/Pepper,_bell___healthy/bc388512-fc59-4069-bae0-05faca671d1e___JR_HL 8362.JPG","Pepper,_bell",1,1,healthy,healthy,0.9682378
437daf16e4b7df0707b04a15f2f67ab1,"PV_data/Pepper,_bell___healthy/bc657708-c1f4-4247-8343-b6976c39fc97___JR_HL 8526.JPG","Pepper,_bell",1,1,healthy,healthy,0.9988243
cb13bcdb8d8dee03e1384d52d3c56241,"PV_data/Pepper,_bell___healthy/bcc57d25-c93c-4fa1-8df7-bdb4ae717233___JR_HL 8259.JPG","Pepper,_bell",1,1,healthy,healthy,0.99985135
f8e76a35224d9e7fd30fab277c5a73a8,"PV_data/Pepper,_bell___healthy/be34960a-dd60-446d-80bd-7a01ba58baae___JR_HL 5820.JPG","Pepper,_bell",1,1,healthy,healthy,0.99959767
cfca26311fd4cd06903b15253350f8d7,"PV_data/Pepper,_bell___healthy/be7c775f-b1d7-4a56-b815-afac3d69bd9e___JR_HL 7818.JPG","Pepper,_bell",1,1,healthy,healthy,0.9999596
27e409448d86f8852da525f931095aab,"PV_data/Pepper,_bell___healthy/c2313033-b139-487e-92c2-86b8c8f91d8e___JR_HL 8902.JPG","Pepper,_bell",1,1,healthy,healthy,0.99921644
6b5a92d7bea48cda006eb45657659d12,"PV_data/Pepper,_bell___healthy/c24934a1-721e-4806-ae72-fa6df4cf6ab7___JR_HL 8238.JPG","Pepper,_bell",1,1,healthy,healthy,0.9997454
849cfb9eab9ca37bba50818932692b2e,"PV_data/Pepper,_bell___healthy/c2f8abd1-8015-488a-82b9-de19d8f9abc0___JR_HL 8031.JPG","Pepper,_bell",1,1,healthy,healthy,0.999992
e078714ceae68a5e1ba17e078b079ab5,"PV_data/Pepper,_bell___healthy/c3449e24-b627-4a73-8e1a-ada5aeb1765d___JR_HL 8070.JPG","Pepper,_bell",1,1,healthy,healthy,0.99992836
4b1b73888f0aea0bac9a9a7143227d0c,"PV_data/Pepper,_bell___healthy/c37bde81-1157-4dd0-ae96-2b1073c8bcb8___JR_HL 8656.JPG","Pepper,_bell",1,1,healthy,healthy,0.9999547
c498b8d0c6f55ce71fb241d223d36897,"PV_data/Pepper,_bell___healthy/c45e7f1e-c3cf-4615-ae58-2c7c9e69b37b___JR_HL 7970.JPG","Pepper,_bell",1,1,healthy,healthy,0.999931
93992e388880eae7c94f6a2834182440,"PV_data/Pepper,_bell___healthy/c6a65a3f-c1cc-419f-9c44-50dcacf560b0___JR_HL 8298.JPG","Pepper,_bell",1,1,healthy,healthy,0.9998741
a4b2618d23418100c2dc0f48a4ce2b5d,"PV_data/Pepper,_bell___healthy/c8337e7c-809b-4038-98c6-3144d1838c59___JR_HL 7686.JPG","Pepper,_bell",1,1,healthy,healthy,0.99994683
9a0ac3a7f3c3acc8e9514506d3cff095,"PV_data/Pepper,_bell___healthy/c84c6a2f-a674-4675-901c-84723b014de1___JR_HL 7788.JPG","Pepper,_bell",1,1,healthy,healthy,0.99999845
daec021098c6abfaa5e70a3dfffa0428,"PV_data/Pepper,_bell___healthy/c8c24f99-957d-4711-92b5-37520cabb5d3___JR_HL 8023.JPG","Pepper,_bell",1,1,healthy,healthy,0.99995184
1275ca568609a5567c0b507a4c7c5430,"PV_data/Pepper,_bell___healthy/ca1cc01b-2a40-4d7a-994c-307c8e82e745___JR_HL 8392.JPG","Pepper,_bell",1,1,healthy,healthy,0.9997754
2662e2f75295d2af5cbfcf2efca472c1,"PV_data/Pepper,_bell___healthy/ca8ef249-eb56-438f-acf0-17e0104b16ec___JR_HL 8231.JPG","Pepper,_bell",1,1,healthy,healthy,0.99891746
fcacf5eebee80333db844bbc48ad4913,"PV_data/Pepper,_bell___healthy/cac7a135-d3d1-4151-baa6-8288c6903423___JR_HL 7556.JPG","Pepper,_bell",1,1,healthy,healthy,0.9999682
a58bcfe7dfbe8f813b9af2a72dd494eb,"PV_data/Pepper,_bell___healthy/cba6d9b4-3450-4f61-aa77-ffd855dc2b09___JR_HL 8749.JPG","Pepper,_bell",1,1,healthy,healthy,0.95840484
42f6d9c371de6e8f14ce53fd1050bb19,"PV_data/Pepper,_bell___healthy/cbdca8a1-7822-472a-bc6f-a67a7a142dc0___JR_HL 8768.JPG","Pepper,_bell",1,1,healthy,healthy,0.9994981
671d7d9afac330b26cec75d83845125a,"PV_data/Pepper,_bell___healthy/cc1da016-287b-4669-aceb-2dd35cd0d78a___JR_HL 7698.JPG","Pepper,_bell",1,1,healthy,healthy,0.99999845
b3c6f74456781c986daca5838921d3bd,"PV_data/Pepper,_bell___healthy/cebc8525-5beb-45d4-b42b-2e3b3f4fa59e___JR_HL 7673.JPG","Pepper,_bell",1,1,healthy,healthy,0.9999987
ec0dafdbfa9202ef6be815c92f100ab1,"PV_data/Pepper,_bell___healthy/cec3cfff-3d00-46cf-8a8e-b7438ec7901e___JR_HL 7810.JPG","Pepper,_bell",1,1,healthy,healthy,0.99997747
2f2c524bc96ec5a47d188c897f70da03,"PV_data/Pepper,_bell___healthy/cf20e2a9-f2d3-41de-8950-6fb1c8fc2875___JR_HL 8707.JPG","Pepper,_bell",1,1,healthy,healthy,0.995031
7ad4d327e3df26527ccaef6dc0780fc7,"PV_data/Pepper,_bell___healthy/cf507d7d-0635-4123-8988-fcd92ed17d76___JR_HL 7968.JPG","Pepper,_bell",1,1,healthy,healthy,0.9667508
a0df935339efc9878f9811dc3ebe449a,"PV_data/Pepper,_bell___healthy/cf940691-feea-41e4-95e6-9eb77af713d4___JR_HL 8439.JPG","Pepper,_bell",1,1,healthy,healthy,0.9974573
669043d9d2da189b85842b53aa4c158f,"PV_data/Pepper,_bell___healthy/cfbbeb79-9aba-4011-ba99-470509286459___JR_HL 5826.JPG","Pepper,_bell",1,1,healthy,healthy,0.99942595
fe3c21a0465038ffef2dc63b47555880,"PV_data/Pepper,_bell___healthy/d001c6f1-3c5a-470b-b4a2-7996b9c68cd6___JR_HL 7695.JPG","Pepper,_bell",1,1,healthy,healthy,0.99996245
036fbf33c57d21b9442f5c4fc88a2e67,"PV_data/Pepper,_bell___healthy/d00322d6-55cb-43fb-9685-927c6939736b___JR_HL 7903.JPG","Pepper,_bell",1,1,healthy,healthy,0.9179477
1977256818d21cd2b2a975618b4a5432,"PV_data/Pepper,_bell___healthy/d221a778-23fd-4c43-b02f-aee1bff4d828___JR_HL 8021.JPG","Pepper,_bell",1,1,healthy,healthy,0.9999634
d97ac9dff4c1a2dd3e57760b24ef487a,"PV_data/Pepper,_bell___healthy/d3116654-623a-426d-8afe-76a156977de6___JR_HL 7789.JPG","Pepper,_bell",1,1,healthy,healthy,0.99999034
e93738314f6852f9283652f06a3b0a7b,"PV_data/Pepper,_bell___healthy/d59ef8c1-e6e7-44ea-8ada-36431c44c3c6___JR_HL 7648.JPG","Pepper,_bell",1,1,healthy,healthy,0.9999988
76861c368f6a3d01cf8e3d8872bdb713,"PV_data/Pepper,_bell___healthy/d5c1285f-07eb-447c-b606-ff6c9d1398ad___JR_HL 8263.JPG","Pepper,_bell",1,1,healthy,healthy,0.9999231
ec602c61d9bbce7f8d4d447041a6e0a9,"PV_data/Pepper,_bell___healthy/d9078c6d-9a57-43d5-bd00-e2a7fd93f881___JR_HL 8738.JPG","Pepper,_bell",1,1,healthy,healthy,0.99880946
e395ef20402054e037e1fbf7392f8ea0,"PV_data/Pepper,_bell___healthy/d93780fa-76b4-46ff-b182-36fe7181e2b3___JR_HL 8894.JPG","Pepper,_bell",1,1,healthy,healthy,0.9998275
806c76a92e30cdf06c65bf3a6577bb84,"PV_data/Pepper,_bell___healthy/da6be4a5-51ff-4bea-894e-9c5d1d3f699d___JR_HL 8205.JPG","Pepper,_bell",1,1,healthy,healthy,0.9999877
8fdee1c29be412db48e511fa41cdb5ae,"PV_data/Pepper,_bell___healthy/da84d53c-1306-4823-99b5-abfe3e184b7f___JR_HL 7691.JPG","Pepper,_bell",1,1,healthy,healthy,0.99997926
22430d71aeeff60ac00a2f12919eb338,"PV_data/Pepper,_bell___healthy/db1e3abc-d083-45a8-a9eb-d9f6247d17fc___JR_HL 7734.JPG","Pepper,_bell",1,1,healthy,healthy,0.99981964
57f2faab6474b6d3ef21173400b26aa6,"PV_data/Pepper,_bell___healthy/dbe9b4f1-d676-42fc-abca-8cf6fe58eda7___JR_HL 8516.JPG","Pepper,_bell",1,1,healthy,healthy,0.9994967
97de13fdedaac2a9978dbf1e91532fa2,"PV_data/Pepper,_bell___healthy/dc7bc940-f9ee-48ae-82da-3e8921e8b298___JR_HL 5831.JPG","Pepper,_bell",1,1,healthy,healthy,0.9996826
0014ac379f7dbd5d2179085e7b013811,"PV_data/Pepper,_bell___healthy/dc9bcd28-1f28-430c-9f05-9895174a2805___JR_HL 5975.JPG","Pepper,_bell",1,1,healthy,healthy,0.99990547
9b0b3757e5de6001f25cbd4fcbdcdc46,"PV_data/Pepper,_bell___healthy/dde55e95-3794-4046-aefd-685d2e8dafc9___JR_HL 8602.JPG","Pepper,_bell",1,1,healthy,healthy,0.9999925
ecfa8559da98c02ff8dd10ac7a66c249,"PV_data/Pepper,_bell___healthy/de022e24-cd3f-4bf0-a009-85ee86f75bb6___JR_HL 7651.JPG","Pepper,_bell",1,1,healthy,healthy,0.9999857
092e1e4d533eb5d4f29cbccbfe7489a6,"PV_data/Pepper,_bell___healthy/de8f27ad-c53f-4481-affe-174d3690d559___JR_HL 8562.JPG","Pepper,_bell",1,1,healthy,healthy,0.99999857
bd31ffdbc15fea742c6968f60afc9e0a,"PV_data/Pepper,_bell___healthy/df451c9c-6b43-4ed7-9f21-9df981439c8e___JR_HL 8253.JPG","Pepper,_bell",1,1,healthy,healthy,0.99966913
5f4d23f3987b9e28cbbfb5b8c1d7a5c2,"PV_data/Pepper,_bell___healthy/df911e7c-0200-4e05-9076-6c40141bcbab___JR_HL 8273.JPG","Pepper,_bell",1,1,healthy,healthy,0.9999962
83e8918627f848691e0bcd1390b82512,"PV_data/Pepper,_bell___healthy/e0333fd4-c11b-40f0-ab25-77de17fe3f0f___JR_HL 8018.JPG","Pepper,_bell",1,1,healthy,healthy,0.9951182
0f245d15aaface2f5d03b6290537fb64,"PV_data/Pepper,_bell___healthy/e6a3e0cb-e1d4-4440-9440-f0b4f489ecc4___JR_HL 8742.JPG","Pepper,_bell",1,1,healthy,healthy,0.9994536
d308f3ca0bd69201c6c963920558bdce,"PV_data/Pepper,_bell___healthy/ebabe289-fbfb-47a1-a8a6-e3ea7fc409d7___JR_HL 8189.JPG","Pepper,_bell",1,1,healthy,healthy,0.99833256
14c37c64808123fa6059caff1ed3ca2f,"PV_data/Pepper,_bell___healthy/ec7ed2b4-40e4-4b95-8728-70472c7fc459___JR_HL 8723.JPG","Pepper,_bell",1,1,healthy,healthy,0.9998808
51f3300c1bbf80849a3687086f1540f3,"PV_data/Pepper,_bell___healthy/ee42aa43-86bf-418d-8716-3cc8c710a0b3___JR_HL 8337.JPG","Pepper,_bell",1,1,healthy,healthy,0.9977343
8d89331ad03aa4447ca0493b50285bc3,"PV_data/Pepper,_bell___healthy/ee4400a9-c4f6-432d-985a-ff8dc730467b___JR_HL 7620.JPG","Pepper,_bell",1,1,healthy,healthy,0.99989974
55804aa56a589ed0807814d9d0167810,"PV_data/Pepper,_bell___healthy/ee475461-4920-4243-bacd-7a2aa297c80e___JR_HL 7611.JPG","Pepper,_bell",1,1,healthy,healthy,0.9999907
9956633e5e614dbc81298cf062e14963,"PV_data/Pepper,_bell___healthy/ee6fd793-b4a9-42d4-8fed-0f4e40040a1d___JR_HL 8365.JPG","Pepper,_bell",1,1,healthy,healthy,0.99767
43913e33a23dd526ff87068d10d6dcb2,"PV_data/Pepper,_bell___healthy/ef91d789-9549-42a6-b48e-7695ccd64a1f___JR_HL 7586.JPG","Pepper,_bell",1,1,healthy,healthy,0.99995494
8cbc58b8aa71cc70b660e8b16a6d5a9f,"PV_data/Pepper,_bell___healthy/f064af9b-a2db-499b-9731-a4078a10bf6a___JR_HL 8898.JPG","Pepper,_bell",1,1,healthy,healthy,0.99963176
08bdcb306ddaf8f93e6d464b317ca7be,"PV_data/Pepper,_bell___healthy/f102520d-aa05-452f-9c24-6e480d59112e___JR_HL 7750.JPG","Pepper,_bell",1,1,healthy,healthy,0.99994075
5724dae4b51b0577092ad269ddb9282a,"PV_data/Pepper,_bell___healthy/f2cf1271-b257-452e-8c4f-1db1ff8babd5___JR_HL 5883.JPG","Pepper,_bell",1,1,healthy,healthy,0.99951315
72ce8a139963b34d9fb3fb67392eed95,"PV_data/Pepper,_bell___healthy/f2eeb551-94e8-4ac2-a5de-4702e6349f42___JR_HL 8761.JPG","Pepper,_bell",1,1,healthy,healthy,0.9999074
d2fd2139612bef1639c2d200b232e3d1,"PV_data/Pepper,_bell___healthy/f3c34e2d-5b85-44fc-96b6-e23cbae88046___JR_HL 7682.JPG","Pepper,_bell",1,1,healthy,healthy,0.99982774
0938d9a1ec6666d658c316edf36c6066,"PV_data/Pepper,_bell___healthy/f42a7c9b-92e0-461b-b470-463a6f0b7aff___JR_HL 8747.JPG","Pepper,_bell",1,1,healthy,healthy,0.99658954
63a69cae06536f8b2f82d68adc80feb1,"PV_data/Pepper,_bell___healthy/f457076f-aab1-496e-a4d8-9fefb1af279a___JR_HL 8754.JPG","Pepper,_bell",1,1,healthy,healthy,0.9994511
a68691d6dcc98b93ef59346289d020e9,"PV_data/Pepper,_bell___healthy/f6cf7e4b-5a82-4383-818d-f68c887fb2c2___JR_HL 7746.JPG","Pepper,_bell",1,1,healthy,healthy,1.0
2dc0703cfca6f711e222b6c625092780,"PV_data/Pepper,_bell___healthy/fa21e46a-f995-469d-9dc9-c6908c9a32c8___JR_HL 8375.JPG","Pepper,_bell",1,1,healthy,healthy,0.99992573
4bd4f8b6d00153a9d7c589b4a463713c,"PV_data/Pepper,_bell___healthy/faac0cc4-4c25-4962-9a6d-6203a1b02af3___JR_HL 8415.JPG","Pepper,_bell",1,1,healthy,healthy,0.99999917
139cd79a850863b0383554a8433b0fa9,"PV_data/Pepper,_bell___healthy/fce5fec3-2fc8-4a74-bedf-cd2f55eb3195___JR_HL 7920.JPG","Pepper,_bell",1,1,healthy,healthy,0.99993026
a6e6c12b691dc5722aa27cbcb9798cb2,"PV_data/Pepper,_bell___healthy/fe0d5adf-1935-45a9-b2ff-37b00d7421f8___JR_HL 7737.JPG","Pepper,_bell",1,1,healthy,healthy,0.99989486
9d130b6c9a5632a4230265d32d6f129c,"PV_data/Pepper,_bell___healthy/fef2be54-15b6-43ad-9d5e-7c30aebc0805___JR_HL 8892.JPG","Pepper,_bell",1,1,healthy,healthy,0.9998281
