image_id,path,y_true,y_pred,correct,confidence,prob_Bacterial_spot,prob_healthy
0d5a3f50a82172e729dc8a12bfade5b4,PV_data/Peach___Bacterial_spot/004118fe-b351-4cad-83ca-280c77f82eaa___Rutg._Bact.S 1818.JPG,0,0,True,1.0,1.0,7.571352e-12
fac3e70e884f6d092a54183d8fc4f07a,PV_data/Peach___Bacterial_spot/00ddc106-692e-4c67-b2e8-569c924caf49___Rutg._Bact.S 1228.JPG,0,0,True,1.0,1.0,4.1519693e-10
3675be4f969d846ae3bbbf1ddab35c91,PV_data/Peach___Bacterial_spot/02c18d29-fef1-40bf-aabb-0bb052893931___Rut._Bact.S 1012.JPG,0,0,True,0.9999509,0.9999509,4.91552e-05
04b8a936adbea9d7a92348421f285e98,PV_data/Peach___Bacterial_spot/03af86e0-1988-4f99-9e5f-0d7920fc974c___Rutg._Bact.S 1494.JPG,0,0,True,1.0,1.0,3.3876862e-13
8361ce188f134814aef04c8d416a8ca3,PV_data/Peach___Bacterial_spot/03c471c6-2d00-4315-ba13-a547e125866a___Rut._Bact.S 0857.JPG,0,0,True,0.9999063,0.9999063,9.368218e-05
317fa617828e909294f9b4d194b8ce7f,PV_data/Peach___Bacterial_spot/04a76261-3ba2-46b7-b604-7517baac2505___Rut._Bact.S 1517.JPG,0,0,True,1.0,1.0,3.9381328e-11
f9dccdd207b8b1d73fc5d29672c555e6,PV_data/Peach___Bacterial_spot/04cdc49a-ee6c-4b58-9278-27217109d545___Rut._Bact.S 0911.JPG,0,0,True,0.99936444,0.99936444,0.00063552696
fd9d67a62e986bdc723ff34990865c78,PV_data/Peach___Bacterial_spot/0682a0d2-7199-4905-816e-3a53657ff507___Rutg._Bact.S 2360.JPG,0,0,True,1.0,1.0,1.8167591e-10
84513bb821c4644d8da009b556586e1c,PV_data/Peach___Bacterial_spot/073a0ab2-4339-4678-8b56-44d1fb1f5c62___Rutg._Bact.S 1516.JPG,0,0,True,1.0,1.0,1.4825564e-12
461ba1f17f2c2a0f45cdcea48987d228,PV_data/Peach___Bacterial_spot/078ed2fb-4a57-479e-888f-4dd573929d8d___Rut._Bact.S 1187.JPG,0,0,True,0.983978,0.983978,0.016022088
18bac0082a5d86180949762245c4b05e,PV_data/Peach___Bacterial_spot/07ae66d3-48a8-46ea-b182-47d91eed9df0___Rutg._Bact.S 2313.JPG,0,0,True,0.9999995,0.9999995,4.764094e-07
9e2eebae8f69adceaa16518020a99505,PV_data/Peach___Bacterial_spot/07c5f039-0a8a-4243-8757-5e3221c94e70___Rutg._Bact.S 1085.JPG,0,0,True,1.0,1.0,7.7427526e-14
b914fd0562f959ddf065bba3c38a4b2f,PV_data/Peach___Bacterial_spot/095727aa-ddf8-4277-aac3-8c12e0b46bc5___Rut._Bact.S 1453.JPG,0,0,True,0.9999999,0.9999999,7.427827e-08
9a958537a1bb4ae40ae49de7a1425829,PV_data/Peach___Bacterial_spot/0bbbbca0-8fac-4f04-aea3-d99769c11923___Rut._Bact.S 1032.JPG,0,0,True,0.9999858,0.9999858,1.4222417e-05
4d3c8357cdf12a3c62ac58f609c89431,PV_data/Peach___Bacterial_spot/0cc304f5-ae98-499a-a670-e00d0c3c9a7a___Rutg._Bact.S 1967.JPG,0,0,True,0.9999999,0.9999999,8.654e-08
360d8c40728550cef9df19355eae2e2f,PV_data/Peach___Bacterial_spot/0d60b14a-15d0-458d-8afa-7ff14d0ce5c4___Rut._Bact.S 1377.JPG,0,0,True,0.9999914,0.9999914,8.6113805e-06
5d54024d5126a08183e158ff5a67e1ad,PV_data/Peach___Bacterial_spot/0dd88d6a-2eb1-4a75-88bd-51ee5ad9d2f8___Rut._Bact.S 3438.JPG,0,0,True,1.0,1.0,8.1866416e-17
58b71ebfab62bbb99d2fdc5c4b2033a2,PV_data/Peach___Bacterial_spot/0fc36665-c550-403e-a467-2371d388f065___Rut._Bact.S 0858.JPG,0,0,True,0.99999666,0.99999666,3.3371448e-06
2c2f2e07b14f9cc393c076aae9f576cd,PV_data/Peach___Bacterial_spot/103767b1-7184-4e4d-83bd-94189d712730___Rutg._Bact.S 1505.JPG,0,0,True,0.9999927,0.9999927,7.318862e-06
6501f94183f6c24f9e69d1010356372c,PV_data/Peach___Bacterial_spot/11ea164f-6126-487c-bfcc-be18b1b62f7f___Rutg._Bact.S 2159.JPG,0,0,True,1.0,1.0,6.944171e-11
be91077ab6aa1165aabd724da7ac5bcc,PV_data/Peach___Bacterial_spot/12c33454-ebe5-482e-a960-16dc1ee7a711___Rut._Bact.S 0789.JPG,0,0,True,0.99998116,0.99998116,1.8851115e-05
649edd0469c403a1cdb8dd3c5cb34af6,PV_data/Peach___Bacterial_spot/13ab9940-1ab4-4111-9da2-7f5d47cc8ddd___Rutg._Bact.S 1443.JPG,0,0,True,1.0,1.0,6.3509525e-10
0ad3b4b217e903a1e1ad69f9acbcc47c,PV_data/Peach___Bacterial_spot/15ee66bd-5798-45b6-b37d-d6fbce4b6e3b___Rutg._Bact.S 2144.JPG,0,0,True,1.0,1.0,4.7497693e-11
0a1803336b9c5b5d02483da360577c1f,PV_data/Peach___Bacterial_spot/16b0b452-18c6-4c1e-a8d8-b26162e80127___Rutg._Bact.S 1158.JPG,0,0,True,1.0,1.0,1.6140676e-12
4a6ac2477ac7692b8acdd26c09c4de75,PV_data/Peach___Bacterial_spot/17016d58-ca1c-4c2f-b5f9-f9e2b75a6172___Rutg._Bact.S 1458.JPG,0,0,True,1.0,1.0,1.0136799e-09
3001248fe3295aee525c44ee8f8a0ff3,PV_data/Peach___Bacterial_spot/180a39d6-a231-41de-8873-70911652a4a9___Rutg._Bact.S 1707.JPG,0,0,True,1.0,1.0,1.8114756e-10
81048b98979b3f487bd9814e5931a2a2,PV_data/Peach___Bacterial_spot/181cd098-8462-457a-aaae-6ad757127227___Rut._Bact.S 1466.JPG,0,0,True,0.9980368,0.9980368,0.0019631884
4f6f974df0883acb2c93c516d76b4f2b,PV_data/Peach___Bacterial_spot/18c3bd0a-75b1-43c2-b7c9-eb022fe954b3___Rutg._Bact.S 1262.JPG,0,0,True,1.0,1.0,3.4696904e-13
633243a4152f6297eecfe7710186d073,PV_data/Peach___Bacterial_spot/194f5943-03a2-4999-b482-0eba108891de___Rutg._Bact.S 2291.JPG,0,0,True,1.0,1.0,2.6903637e-17
03c285835cab12b5ec89bf1819676d1b,PV_data/Peach___Bacterial_spot/19aca6fe-882a-4ea2-907c-c3665660a983___Rutg._Bact.S 1450.JPG,0,0,True,1.0,1.0,7.8354385e-11
5ace9e16d97551d41592b1b148a1c296,PV_data/Peach___Bacterial_spot/19ea3d8c-73fd-4039-b8b6-8ffc4417d21a___Rutg._Bact.S 1481.JPG,0,0,True,1.0,1.0,7.9788834e-13
5cf7a8410e9f5354b0436309663cf9ed,PV_data/Peach___Bacterial_spot/1a72cf61-13d8-4a0a-bf4e-c59e0e940fb9___Rutg._Bact.S 1662.JPG,0,0,True,1.0,1.0,6.450662e-09
c20680bcdf0348c45c7e8c3c41c723a8,PV_data/Peach___Bacterial_spot/1aa49af1-c15a-406f-bae1-97a8636cc322___Rut._Bact.S 3417.JPG,0,0,True,1.0,1.0,5.347692e-10
40b1ee5c1da8e2ffb34babf575cee045,PV_data/Peach___Bacterial_spot/1adc12f3-507f-45ca-9966-9b2bd9bc03e6___Rut._Bact.S 1265.JPG,0,0,True,0.99995387,0.99995387,4.608479e-05
d2fd25ed3f33953bd0e4ea1b91e73583,PV_data/Peach___Bacterial_spot/1b08887d-a7cb-4693-b361-5fa576f60ea0___Rut._Bact.S 3371.JPG,0,0,True,1.0,1.0,1.285782e-12
1d60918f44eee4255f68efdbad23bfab,PV_data/Peach___Bacterial_spot/1d1cf3ca-938e-497e-9828-3d888d7ee63a___Rutg._Bact.S 1602.JPG,0,0,True,1.0,1.0,1.4027725e-09
2359401c516d6db808f305c7454ef15d,PV_data/Peach___Bacterial_spot/1e4993fc-84e3-43a4-ab5a-2381209e98bd___Rutg._Bact.S 2293.JPG,0,0,True,1.0,1.0,9.581528e-17
c219a6ac885c322415e57f188619d75b,PV_data/Peach___Bacterial_spot/2224b5a9-7aed-4800-a1f6-5372205c4007___Rutg._Bact.S 1950.JPG,0,0,True,0.9999999,0.9999999,1.450453e-07
9a8da23ad7608c780fa6f57dd39874cf,PV_data/Peach___Bacterial_spot/22d4fc47-8018-4ac4-818a-1c0bf3fbac39___Rutg._Bact.S 1766.JPG,0,0,True,1.0,1.0,2.550556e-12
84dd8d040c565ae9df2d85c530145c37,PV_data/Peach___Bacterial_spot/22e0cb50-fc0d-4b52-9833-0ed25f98c737___Rutg._Bact.S 2244.JPG,0,0,True,1.0,1.0,9.5972357e-14
30ef1d08c41325af159662c50b56547e,PV_data/Peach___Bacterial_spot/268a9c23-c7a6-4049-bb0d-d8acc633e037___Rut._Bact.S 0866.JPG,0,0,True,0.9972141,0.9972141,0.0027858736
4540dbf735def60d5809479602e1558c,PV_data/Peach___Bacterial_spot/272513fb-2710-4b4f-97ff-e399d762aba0___Rutg._Bact.S 1239.JPG,0,0,True,1.0,1.0,4.0724975e-12
8fcc5657dffb3c7cae5e172f15969f56,PV_data/Peach___Bacterial_spot/284dc921-9aa8-4e68-9b02-a06ed1a90d50___Rut._Bact.S 0936.JPG,0,0,True,1.0,1.0,1.633713e-09
3e2a04076d1a0ba252e7027394f7634f,PV_data/Peach___Bacterial_spot/29066a04-5b02-4087-924d-76cb303e1f78___Rut._Bact.S 0960.JPG,0,0,True,0.99998975,0.99998975,1.03090215e-05
a22156694e0a7f5b51f10b62a380f12a,PV_data/Peach___Bacterial_spot/29a31c1a-3075-4ffc-beb4-cb98e2febdf1___Rutg._Bact.S 1616.JPG,0,0,True,1.0,1.0,1.0627027e-12
b884a39646e7e1480a763608f8ccf2bb,PV_data/Peach___Bacterial_spot/2c69605e-14d9-4758-ad19-332f7df84c65___Rut._Bact.S 0742.JPG,0,0,True,1.0,1.0,3.1171472e-09
33b4255e8ee90fe8ac46dd90435d4eb9,PV_data/Peach___Bacterial_spot/2dd0c778-41ef-495e-a84e-55f1bca6984e___Rutg._Bact.S 2251.JPG,0,0,True,1.0,1.0,5.7911113e-16
bbca8d39ddba82d3eb96d986623af608,PV_data/Peach___Bacterial_spot/2ea1f3b9-94e3-418e-87bf-979b8491be60___Rutg._Bact.S 2193.JPG,0,0,True,1.0,1.0,2.7162586e-09
5aa0c5f3437040da96d2623f83b16374,PV_data/Peach___Bacterial_spot/2f214641-97aa-434c-af12-a287307a9dee___Rut._Bact.S 1127.JPG,0,0,True,0.9999565,0.9999565,4.3472035e-05
00cb2bfc31e58669dbd5586a6b7f59bb,PV_data/Peach___Bacterial_spot/2f48810c-3720-448c-aa58-59d6073cc4d7___Rutg._Bact.S 1606.JPG,0,0,True,0.9999999,0.9999999,1.0374643e-07
f5010adf95397227e2315f6380c84f08,PV_data/Peach___Bacterial_spot/303dba2a-94ee-4d14-95c0-58df5d408a55___Rut._Bact.S 0875.JPG,0,0,True,0.99998105,0.99998105,1.8930547e-05
dbe46aa4ffb1b5d6471286e688ed8814,PV_data/Peach___Bacterial_spot/30cb6a32-99a4-4598-a583-7708b93a005d___Rutg._Bact.S 1187.JPG,0,0,True,0.9999957,0.9999957,4.315247e-06
31f8c7bc93bb8da4c5a4df606e59b26b,PV_data/Peach___Bacterial_spot/312177bd-a4fc-4721-b47a-5ae843448681___Rut._Bact.S 1048.JPG,0,0,True,0.9999999,0.9999999,1.3291572e-07
45a53fac4bd7281b8c8636801efef3d7,PV_data/Peach___Bacterial_spot/316b4e76-5d05-4b17-9e94-2342103f02cc___Rutg._Bact.S 1986.JPG,0,0,True,0.9999559,0.9999559,4.4051063e-05
52c762694f419778050c58153a69facc,PV_data/Peach___Bacterial_spot/31edd3cc-e01b-440d-bdcb-6fa5fcfc1603___Rut._Bact.S 0916.JPG,0,0,True,0.99961543,0.99961543,0.00038454658
2f7ef865e9f195fb21604e85f1a1739d,PV_data/Peach___Bacterial_spot/3212700f-4294-4c19-a2de-a984920bad2e___Rut._Bact.S 0829.JPG,0,0,True,0.99999845,0.99999845,1.4948422e-06
ab4304f048e2fa558de91fcb85caeaf4,PV_data/Peach___Bacterial_spot/32faaa6b-a893-49fc-9669-d197298a9f97___Rut._Bact.S 1465.JPG,0,0,True,1.0,1.0,3.571546e-08
a8a705975dc1fd6dac325a8ac47b8eb5,PV_data/Peach___Bacterial_spot/3382cb3d-6e67-4504-b547-d812e56e78fa___Rut._Bact.S 1418.JPG,0,0,True,0.9999918,0.9999918,8.179831e-06
3ddb5da680d0f9e32a9224e1afa5996d,PV_data/Peach___Bacterial_spot/34956905-bfe7-40c7-8086-2e16a5f283e0___Rutg._Bact.S 2342.JPG,0,0,True,1.0,1.0,5.233219e-13
4593663a50a801930007881a3dff977c,PV_data/Peach___Bacterial_spot/35893660-45dc-48e4-9012-f2cc8e8a24ef___Rutg._Bact.S 1666.JPG,0,0,True,1.0,1.0,2.2344823e-13
19d0ce8ebf7ebfcd50bc01d022997f26,PV_data/Peach___Bacterial_spot/36cc1e8f-8ca9-4d02-bd00-764dc20877c4___Rut._Bact.S 1427.JPG,0,0,True,0.99999833,0.99999833,1.6349177e-06
302af94fbe9fe54a17bf246f43c2ece8,PV_data/Peach___Bacterial_spot/37c4a377-375d-400e-ae1a-2444f17d7724___Rutg._Bact.S 1962.JPG,0,0,True,0.9999999,0.9999999,6.745156e-08
8a8e86b8a3623c6a9195b088f74d54d3,PV_data/Peach___Bacterial_spot/384e0417-0fa1-4f3d-a332-7f1ed78d8fa3___Rutg._Bact.S 1451.JPG,0,0,True,1.0,1.0,7.6747105e-13
e108b0ff5efdce7ef5be1ff90e92810f,PV_data/Peach___Bacterial_spot/3978b181-f443-4a1a-a1b1-42d16c67fdd2___Rutg._Bact.S 1279.JPG,0,0,True,1.0,1.0,2.8022878e-10
17dd4b74f697a4e42631e3ceca101801,PV_data/Peach___Bacterial_spot/39b39e45-b2aa-4ecc-8046-e16e6c037d46___Rut._Bact.S 0881.JPG,0,0,True,0.992859,0.992859,0.0071409727
ccc345eef66c7971c6b009ccf7aba93f,PV_data/Peach___Bacterial_spot/39fd0689-ca8d-4abb-9915-f7c0fe5d838c___Rut._Bact.S 1162.JPG,0,0,True,0.99997413,0.99997413,2.5896536e-05
f57ac617d2acf41f484d24d14301b52d,PV_data/Peach___Bacterial_spot/3a11dd03-2647-462a-939e-44c0a173b312___Rutg._Bact.S 1652.JPG,0,0,True,1.0,1.0,1.4897819e-12
6378c8be8989007898bee15842490be2,PV_data/Peach___Bacterial_spot/3ade7ff9-2d87-42db-888e-2ae690b97397___Rut._Bact.S 1090.JPG,0,0,True,0.9999243,0.9999243,7.5666634e-05
fe74dc881b316cfe16180829b3b6c87a,PV_data/Peach___Bacterial_spot/3b13dee2-a18c-4258-8f20-0bf8d327fefb___Rut._Bact.S 0897.JPG,0,0,True,0.9999976,0.9999976,2.4187193e-06
5ac481f13b31d99aa051178e00edda23,PV_data/Peach___Bacterial_spot/3b2ef06a-f1ae-4850-9b9c-12b910e4e4b1___Rutg._Bact.S 1375.JPG,0,0,True,1.0,1.0,5.826117e-10
a5f9041ed5afe5a63cfa6f7dbccf2d02,PV_data/Peach___Bacterial_spot/3c40c656-85a3-4d46-9f9b-072c1ce5eb3d___Rutg._Bact.S 1774.JPG,0,0,True,1.0,1.0,5.278918e-11
9fa43e074a9fc2c32a8a227f7a5f62ee,PV_data/Peach___Bacterial_spot/3cb8f91d-b998-4c79-9c03-9968d918f742___Rutg._Bact.S 2279.JPG,0,0,True,1.0,1.0,1.9485293e-10
e08b2bbe4a2939cf03cb6a0c499c7070,PV_data/Peach___Bacterial_spot/3cc814e5-e97f-43b7-b93e-ba4f145f43c1___Rutg._Bact.S 2040.JPG,0,0,True,1.0,1.0,5.4891287e-09
4a41a6ce4a78bee3af2e063fa6d4f5d6,PV_data/Peach___Bacterial_spot/3d857fb3-390d-41fe-9503-49f463c8348f___Rutg._Bact.S 1219.JPG,0,0,True,1.0,1.0,1.7809725e-08
752baf81398d48b50e7cc88f7b8189db,PV_data/Peach___Bacterial_spot/3de10f60-66e3-4b6e-b320-09fd21b5897b___Rut._Bact.S 1283.JPG,0,0,True,0.99997246,0.99997246,2.7529286e-05
2131164d52956dccc425ddc657563b8a,PV_data/Peach___Bacterial_spot/3e2f9686-47e9-4d58-8432-76c4841d13ea___Rut._Bact.S 1142.JPG,0,0,True,0.99999976,0.99999976,2.581277e-07
cb69e0052a375cd49fa5e0cab909e44e,PV_data/Peach___Bacterial_spot/3e558cd5-8936-4d8a-b1db-1a7d1dd076eb___Rut._Bact.S 0832.JPG,0,0,True,0.9999995,0.9999995,4.6093876e-07
6785da8f5706c07ffb49ca1c99b3d970,PV_data/Peach___Bacterial_spot/3e9b6ac1-5ed7-4ccb-8437-0d012dcb8ad6___Rutg._Bact.S 1756.JPG,0,0,True,1.0,1.0,1.9331371e-10
66eba9b7490373803b83ce2fa7d4ec1d,PV_data/Peach___Bacterial_spot/403d2b55-e608-434e-b5af-9b941301c772___Rutg._Bact.S 1348.JPG,0,0,True,0.9999927,0.9999927,7.298467e-06
10a9c5258ff0a54241bbff729d03d81b,PV_data/Peach___Bacterial_spot/418fdf77-7a09-4dd4-a6c1-fbcc6cf09468___Rut._Bact.S 1035.JPG,0,0,True,0.9772832,0.9772832,0.022716783
892a8abc2b40345036074dc19f59ee83,PV_data/Peach___Bacterial_spot/43a0ecec-a895-486b-ab30-af8b2705e72b___Rut._Bact.S 0853.JPG,0,0,True,0.9999039,0.9999039,9.604369e-05
4b277a6e563de3dafd18a79d6ef51a19,PV_data/Peach___Bacterial_spot/45fa0648-9afe-412c-bd0a-0f6da790ffe5___Rutg._Bact.S 1145.JPG,0,0,True,0.9999989,0.9999989,1.0964638e-06
994e5a53ac6c47acb8077b6da6effebf,PV_data/Peach___Bacterial_spot/45fbce73-11d7-44c6-b6a1-b61194dbb58c___Rutg._Bact.S 2283.JPG,0,0,True,1.0,1.0,3.870684e-16
f14e8cdbf1e5ca8b590b9b5f3af4c6e7,PV_data/Peach___Bacterial_spot/46112a3d-c59a-4360-bb9f-6bf4bce73d3c___Rut._Bact.S 1212.JPG,0,0,True,0.70825565,0.70825565,0.29174438
b5ae6c5985798673c25351d37a33af93,PV_data/Peach___Bacterial_spot/46a70fb3-77b7-4968-91e3-5e4e08966be9___Rut._Bact.S 1251.JPG,0,0,True,1.0,1.0,5.7937864e-08
d43bc7248ed895a714dc2ca32f09e2f8,PV_data/Peach___Bacterial_spot/4741556d-6e3a-4636-8a51-0559fa7ce3d6___Rutg._Bact.S 1952.JPG,0,0,True,1.0,1.0,5.9069065e-09
b17a2d040c21b0cf1da9d5d72f133eb9,PV_data/Peach___Bacterial_spot/47db9969-4797-483f-a2d5-96c9b1577fe6___Rutg._Bact.S 1713.JPG,0,0,True,0.9999999,0.9999999,8.424798e-08
b059f32ed6612ad378bbd30f609d551a,PV_data/Peach___Bacterial_spot/49b26419-a2c2-422b-a468-79c74746707b___Rut._Bact.S 0921.JPG,0,0,True,0.9997926,0.9997926,0.00020735078
9c8343641e87041dd93e0edfa019b468,PV_data/Peach___Bacterial_spot/49ffa9ad-6a96-4d5d-a797-11e2ef0fcd31___Rutg._Bact.S 2325.JPG,0,0,True,1.0,1.0,3.1175987e-13
edfc39ac493816921375291a702e79fc,PV_data/Peach___Bacterial_spot/4c4d8104-6ffb-4419-8fd4-63ea751dceca___Rut._Bact.S 1317.JPG,0,0,True,0.9999994,0.9999994,5.423318e-07
d1680abdda8469f934de0e04f2246188,PV_data/Peach___Bacterial_spot/4c720960-5909-4fdf-a343-723ced220863___Rut._Bact.S 0984.JPG,0,0,True,1.0,1.0,5.7517424e-10
029da266284dbe3efcb31ec7f7f5fb11,PV_data/Peach___Bacterial_spot/4d3da774-29ff-479a-a6a3-fff095012dff___Rut._Bact.S 3492.JPG,0,0,True,1.0,1.0,2.5071312e-09
98c4236d60d6da6c79f0663a9496993e,PV_data/Peach___Bacterial_spot/4e2ea284-b90b-4814-b4ca-198878c98d78___Rut._Bact.S 1502.JPG,0,0,True,0.9999982,0.9999982,1.830593e-06
27507f5ac3e89d4e34c1167a0da0dea8,PV_data/Peach___Bacterial_spot/514e1f75-17bb-474f-a895-5852404d9986___Rutg._Bact.S 1165.JPG,0,0,True,1.0,1.0,1.2737349e-14
1ee5484467eb131f31e57a2fbcde5bbb,PV_data/Peach___Bacterial_spot/5195d1ff-9d9d-4a36-bda4-43edf7ce6f3a___Rutg._Bact.S 2138.JPG,0,0,True,1.0,1.0,2.3734265e-14
2ef35c43535176ea7458cca2af4ead3f,PV_data/Peach___Bacterial_spot/52e771da-b8a2-4e5c-ae2f-ce91d9372ed0___Rut._Bact.S 0752.JPG,0,0,True,0.9999999,0.9999999,1.2500264e-07
9bf81305c15d3caaa572ac98b36304c2,PV_data/Peach___Bacterial_spot/52eafd55-f474-4dd3-b2b9-3d48185afd20___Rutg._Bact.S 1855.JPG,0,0,True,1.0,1.0,4.4386876e-18
effc46dd9690a3c3b70d8358810d69be,PV_data/Peach___Bacterial_spot/530c6c86-3771-42c9-8b73-c8cc76551476___Rutg._Bact.S 1771.JPG,0,0,True,1.0,1.0,1.7638557e-09
67c04f3cd9a3100fc8a0da730c3e41b3,PV_data/Peach___Bacterial_spot/534ffbbe-be19-4bfb-a8ea-83f7ceaabf0a___Rut._Bact.S 0744.JPG,0,0,True,1.0,1.0,2.1012863e-08
f69474975a7004dad586ece1ee0fd53f,PV_data/Peach___Bacterial_spot/53a6739b-addc-4c50-930d-b0e8e0af78fe___Rutg._Bact.S 1880.JPG,0,0,True,1.0,1.0,1.2268393e-11
85881d2c940e4c57b7c7b3e8bf070d76,PV_data/Peach___Bacterial_spot/53e49980-8734-4016-9af6-586f7270aea3___Rut._Bact.S 0741.JPG,0,0,True,0.99999595,0.99999595,4.0453588e-06
a33bf5e257f9e67b1d32dd9b1aebbcc8,PV_data/Peach___Bacterial_spot/5548e82f-5481-42b7-9663-64293cb2925f___Rutg._Bact.S 1394.JPG,0,0,True,1.0,1.0,8.9579345e-14
04c7c335ed728019494d537a65ed285b,PV_data/Peach___Bacterial_spot/5685671b-cce8-45dd-a446-0d1e85374154___Rutg._Bact.S 2185.JPG,0,0,True,1.0,1.0,2.3231937e-12
1f9c91d942863086d99f175c1f80079d,PV_data/Peach___Bacterial_spot/568a5e33-5664-4f99-8dc2-758a0314f05d___Rut._Bact.S 0774.JPG,0,0,True,1.0,1.0,3.8796284e-08
87865b2ed4b18f99c95416963626957d,PV_data/Peach___Bacterial_spot/56d8a9bf-7d7b-41bc-880c-b65ed23a51fb___Rutg._Bact.S 1661.JPG,0,0,True,1.0,1.0,1.1870305e-16
26ecf93f75221c6b6d9c87c24931bb3f,PV_data/Peach___Bacterial_spot/56df540a-90ba-4195-ae4f-1c3390dd7182___Rutg._Bact.S 1395.JPG,0,0,True,1.0,1.0,8.893748e-15
c5bdef227139653c436372f5abc81ce7,PV_data/Peach___Bacterial_spot/58506b9d-15dd-4952-9db0-d8b9d0f5bc92___Rutg._Bact.S 1157.JPG,0,0,True,1.0,1.0,2.8160068e-12
a9de18422e63c973b334acec2c988324,PV_data/Peach___Bacterial_spot/591a4240-3fcf-4206-95f2-6efed4e52964___Rutg._Bact.S 2282.JPG,0,0,True,1.0,1.0,6.739976e-11
c355437cf19bdf0455816a69898556ac,PV_data/Peach___Bacterial_spot/5993883e-fc36-46ff-8838-c05e7e7ae9ef___Rut._Bact.S 1049.JPG,0,0,True,0.9999994,0.9999994,6.489649e-07
e8b63036b717755471f443976f6ce044,PV_data/Peach___Bacterial_spot/59e2ca2e-29d3-4ea2-bb06-159c6cddb0a6___Rutg._Bact.S 2298.JPG,0,0,True,1.0,1.0,8.124177e-12
94b348ee2a0313392d1eade0306bad2f,PV_data/Peach___Bacterial_spot/59ecc768-0dc8-4b03-a0c4-9b9232a820a7___Rutg._Bact.S 1523.JPG,0,0,True,1.0,1.0,5.267329e-12
5c4b428297b0a37bcc1316c5d07aa838,PV_data/Peach___Bacterial_spot/5a0a13f3-a4d5-47f3-8c69-ebc32d5e3e91___Rutg._Bact.S 2061.JPG,0,0,True,0.9999999,0.9999999,1.1304847e-07
41dc8c0589d10e7529b1f5e40038bcc9,PV_data/Peach___Bacterial_spot/5acc19d6-40bf-4972-8943-a3826e3d3a9c___Rutg._Bact.S 2100.JPG,0,0,True,1.0,1.0,1.635306e-13
ec28dacfdfba6af559576662c34bec41,PV_data/Peach___Bacterial_spot/5b00d194-cb8a-4fe9-bce8-f10adf38b59a___Rut._Bact.S 1273.JPG,0,0,True,0.99964,0.99964,0.0003600013
b75e5060450185aee567718a19862414,PV_data/Peach___Bacterial_spot/5c5a30a7-01e5-45a3-99cc-4d1a68ccbff2___Rutg._Bact.S 2123.JPG,0,0,True,1.0,1.0,9.987298e-10
ca35a5d70c7143d28fdf67ee6e08479a,PV_data/Peach___Bacterial_spot/5e3b2d72-ae7f-4a63-bdac-e067e77f4dcf___Rutg._Bact.S 2308.JPG,0,0,True,1.0,1.0,3.7884322e-09
51738b1b36392c57f7af5eb5a3333ccb,PV_data/Peach___Bacterial_spot/605b381f-514a-492c-8917-507c5fe8f4aa___Rutg._Bact.S 1808.JPG,0,0,True,1.0,1.0,1.0410635e-12
0320cc1cbdde53d0a7a984623835d1f6,PV_data/Peach___Bacterial_spot/6185378a-26ca-4e86-95e3-d7f8a1ef39c6___Rutg._Bact.S 1647.JPG,0,0,True,1.0,1.0,1.1307062e-12
8df7fc0b8b18ee7060e7a9cf32643960,PV_data/Peach___Bacterial_spot/620feaed-26ab-4165-ba19-31bc6a53154d___Rutg._Bact.S 1612.JPG,0,0,True,1.0,1.0,1.34593e-14
ce22666e7156ff4eb188568f611c9666,PV_data/Peach___Bacterial_spot/6212f2d7-79f8-4b4b-abc1-a41070f476ab___Rut._Bact.S 1331.JPG,0,0,True,0.99988914,0.99988914,0.000110853405
719d1e7e12d59c0761367dacdc2c56cb,PV_data/Peach___Bacterial_spot/63604749-0816-4791-9909-1402d811f6d3___Rut._Bact.S 1404.JPG,0,0,True,0.99999857,0.99999857,1.439115e-06
c040938ff1124d63dd063aa8b21563b8,PV_data/Peach___Bacterial_spot/6376eca9-564e-46db-9243-60dee73a6e35___Rutg._Bact.S 1334.JPG,0,0,True,1.0,1.0,8.941033e-11
0b5356ce87173117f7c1946737891c78,PV_data/Peach___Bacterial_spot/63f1a995-24a2-4231-b3e4-50d2efd02229___Rutg._Bact.S 1345.JPG,0,0,True,0.9999995,0.9999995,5.145583e-07
ef61216136a9f6ea40a4d6df64629b29,PV_data/Peach___Bacterial_spot/646112c7-0522-41d1-b715-2e4e5b717206___Rutg._Bact.S 1324.JPG,0,0,True,1.0,1.0,5.268495e-12
e0a1fbafc9b54786af830f9882917739,PV_data/Peach___Bacterial_spot/64816247-566e-4994-b78f-56d1e93ff2a3___Rut._Bact.S 1420.JPG,0,0,True,1.0,1.0,5.282622e-12
12154f2d2b857fbcbcaf04e01b534ae1,PV_data/Peach___Bacterial_spot/64a80efb-71f1-494c-8b3e-d90dd7f178a3___Rut._Bact.S 1204.JPG,0,0,True,0.9999995,0.9999995,4.6583517e-07
d95d7df5564bf3d49e0df330c045c843,PV_data/Peach___Bacterial_spot/65f3b7e1-b44f-4fe3-899d-cda5ff9fd26d___Rutg._Bact.S 1429.JPG,0,0,True,1.0,1.0,2.148597e-10
9672604cc4cf2285d840346a1b94e1bf,PV_data/Peach___Bacterial_spot/66d8e429-28f1-487f-9eeb-485d06912e63___Rutg._Bact.S 2215.JPG,0,0,True,1.0,1.0,2.1330353e-14
b6b8ddc670d4e35a5246c66588fbc89f,PV_data/Peach___Bacterial_spot/6787d73a-01cf-47b9-88f1-31cc04059590___Rut._Bact.S 1415.JPG,0,0,True,0.9999995,0.9999995,4.6423992e-07
43dd803ba6f02799c6e5367bc33555ed,PV_data/Peach___Bacterial_spot/67bb2817-bb8a-4990-9183-18581df3a1c4___Rutg._Bact.S 1100.JPG,0,0,True,1.0,1.0,1.0257589e-11
939f951b98a1cb7d5f59659857bcd590,PV_data/Peach___Bacterial_spot/67d743c7-6a0d-4942-bc38-b2252bc8445c___Rutg._Bact.S 1592.JPG,0,0,True,1.0,1.0,1.951082e-16
4c9a15123cdd0b43aa8e429cfd3b4739,PV_data/Peach___Bacterial_spot/680b601a-2508-448f-a410-b41300f91385___Rut._Bact.S 1006.JPG,0,0,True,1.0,1.0,8.3766244e-10
37a0e410cce83ad649609c17dd2f7e54,PV_data/Peach___Bacterial_spot/68238477-778b-41b9-a5b2-f7658bf18662___Rutg._Bact.S 1783.JPG,0,0,True,1.0,1.0,4.1657515e-12
7c86e6ff203df15ff70888d4979a34d1,PV_data/Peach___Bacterial_spot/69b93a90-b094-4ee6-b1f7-e5873fb113a0___Rut._Bact.S 3485.JPG,0,0,True,1.0,1.0,1.1942161e-08
823cdd023d25a5af3a45769044347471,PV_data/Peach___Bacterial_spot/69bf5f6e-c593-493c-94f5-d9e6a4bcce73___Rutg._Bact.S 1692.JPG,0,0,True,0.99999976,0.99999976,2.8949128e-07
39c5d1eb48c979007c8f7b144395526e,PV_data/Peach___Bacterial_spot/6a092b77-4363-4dc2-bfad-76d6a9dd1e85___Rut._Bact.S 1556.JPG,0,0,True,0.99999106,0.99999106,8.9241585e-06
6a2d87bce8022459c5245adf64e3bc29,PV_data/Peach___Bacterial_spot/6a1488f5-0b58-4f02-9a61-267b5eb38ed3___Rutg._Bact.S 1367.JPG,0,0,True,1.0,1.0,7.536028e-15
9e33a38cedc7805f37a6323942255aeb,PV_data/Peach___Bacterial_spot/6c08e57d-670b-4a01-b123-09d8cf36316c___Rutg._Bact.S 2383.JPG,0,0,True,1.0,1.0,5.640783e-14
7f4e7e1458be1aec10a9dc1471cf5f16,PV_data/Peach___Bacterial_spot/6cadb764-7b1d-42e9-b142-ece7fe4eec36___Rutg._Bact.S 1479.JPG,0,0,True,1.0,1.0,9.0296786e-13
3e124ea8bd8633184dc1f8f64f18c1b3,PV_data/Peach___Bacterial_spot/6ce27808-8933-4fb4-8beb-96612f3ad42f___Rutg._Bact.S 2223.JPG,0,0,True,1.0,1.0,3.2620812e-15
9c8bc3c169d2ed88c9a2c515d27b142e,PV_data/Peach___Bacterial_spot/6ef76848-da55-48ee-9b36-cec0ef421adc___Rut._Bact.S 1245.JPG,0,0,True,1.0,1.0,1.3957693e-09
8ef65289dbef141c01fe0cbe9839d864,PV_data/Peach___Bacterial_spot/7006932a-9600-4e05-bf35-052c6761f853___Rutg._Bact.S 1900.JPG,0,0,True,1.0,1.0,1.8645128e-10
a3433a0b4e2a9e3183ad5bb576038eb3,PV_data/Peach___Bacterial_spot/70634e69-5abf-45ba-87f4-cfa8db4e9c3f___Rutg._Bact.S 1283.JPG,0,0,True,1.0,1.0,1.2191485e-11
053e56615e1335f946bc4851e286ce6c,PV_data/Peach___Bacterial_spot/71bd8fb5-dd92-4c4e-9843-53afbec12644___Rut._Bact.S 3395.JPG,0,0,True,1.0,1.0,7.695977e-10
e6d48002b515c952852fc7384abb7fc4,PV_data/Peach___Bacterial_spot/7247621f-9e08-47f8-81aa-ed3965dfeae5___Rutg._Bact.S 1974.JPG,0,0,True,1.0,1.0,2.471841e-10
c10041792007e17c6ea0a22499fef087,PV_data/Peach___Bacterial_spot/726f628c-05a1-4d61-9a6e-ad87ebbd686c___Rut._Bact.S 1061.JPG,0,0,True,1.0,1.0,2.250004e-08
5eb4580eb27239398f3c530c8c2c4ebb,PV_data/Peach___Bacterial_spot/73048961-c90f-4620-b2be-97c120d1fc08___Rutg._Bact.S 2186.JPG,0,0,True,1.0,1.0,4.4571238e-10
2f34324a7b3f5ff7a847eb0de78a3e37,PV_data/Peach___Bacterial_spot/73bde5e9-d94e-4550-8113-b59ef1c1a001___Rutg._Bact.S 1697.JPG,0,0,True,1.0,1.0,5.624349e-13
41cec31d7d12efbfc34454ac7cf11b5d,PV_data/Peach___Bacterial_spot/74d88bc7-f55e-4034-8bcf-65385fbcedf2___Rut._Bact.S 1074.JPG,0,0,True,0.99999976,0.99999976,2.8498926e-07
de7a541548570a9f2dda9f0a8001ad89,PV_data/Peach___Bacterial_spot/7542a647-9f23-437e-b3bb-f3c49890bbeb___Rut._Bact.S 0792.JPG,0,0,True,0.9989782,0.9989782,0.0010218171
c858d01fbacf5d34c7dd92c7ec50f189,PV_data/Peach___Bacterial_spot/75e2d06e-d7f4-4472-8cc0-318f35e9598d___Rut._Bact.S 3370.JPG,0,0,True,1.0,1.0,2.1175193e-09
dfacbc827672093daaf86e50071998c9,PV_data/Peach___Bacterial_spot/75f876b6-2b3e-4b24-b337-6f7754e1df23___Rut._Bact.S 1291.JPG,0,0,True,0.99883324,0.99883324,0.0011667496
6662c0252ddb58b04f588e766e77a7ec,PV_data/Peach___Bacterial_spot/7780c63a-50ed-4c9d-85bc-94469ce8374c___Rut._Bact.S 0963.JPG,0,0,True,1.0,1.0,5.7652545e-09
881865344fef99e39133eca851904df0,PV_data/Peach___Bacterial_spot/77f6c108-d766-4816-bf2b-90bc4f8dfa9b___Rut._Bact.S 0833.JPG,0,0,True,0.9999993,0.9999993,6.9133614e-07
e967ea9d570ebcb833875bbe87ee404c,PV_data/Peach___Bacterial_spot/781846f7-0cd1-46f5-b79d-876caea2ec63___Rutg._Bact.S 1985.JPG,0,0,True,1.0,1.0,2.8913442e-08
fa6a4d9043da9cfeaba8fa3461e24af3,PV_data/Peach___Bacterial_spot/7862f79c-312b-4c84-b7a7-b3ff84b7639d___Rutg._Bact.S 1857.JPG,0,0,True,1.0,1.0,3.6209008e-10
5a5fd74e1fd8554e139faa1986aee25a,PV_data/Peach___Bacterial_spot/78db4327-d82a-4dff-8a9d-1db54800fc3b___Rutg._Bact.S 1768.JPG,0,0,True,1.0,1.0,6.754796e-09
a25ee202577139873c3c79d09cb1211c,PV_data/Peach___Bacterial_spot/79810f66-54a6-4779-91aa-944ec44f12c4___Rut._Bact.S 3386.JPG,0,0,True,0.7574827,0.7574827,0.24251734
ae1745c6787cf5020ca55ac2f058c3b6,PV_data/Peach___Bacterial_spot/7a9f3b66-cf6b-4bba-adb1-73c96487805d___Rut._Bact.S 1538.JPG,0,0,True,1.0,1.0,4.1109005e-09
7f7c1baa32d0ecb91f950961f922bfe0,PV_data/Peach___Bacterial_spot/7c4e4a7e-0e71-47d0-90b3-1b2f627fa40f___Rutg._Bact.S 1867.JPG,0,0,True,1.0,1.0,1.8339441e-10
907b005d232ca74c5f5c55018a8c1d35,PV_data/Peach___Bacterial_spot/7e4205c6-1fa0-4d4b-8429-9f778c2b5fba___Rutg._Bact.S 1369.JPG,0,0,True,1.0,1.0,2.9817365e-16
5bee3900ae35f042455c1ad287c920ac,PV_data/Peach___Bacterial_spot/7fb5aa1b-3cbf-49b2-9150-ca4342941358___Rut._Bact.S 1255.JPG,0,0,True,0.995263,0.995263,0.004736967
c42ebe2f77b6b4e0282579475e260f16,PV_data/Peach___Bacterial_spot/7fd55331-be6b-4554-bdea-009dda8a1302___Rutg._Bact.S 2183.JPG,0,0,True,1.0,1.0,2.3644889e-14
4d59912ef9bed07f74d4fcf2b91cb93a,PV_data/Peach___Bacterial_spot/7fe6bec4-e8ee-4d50-9127-17023c50e5ed___Rutg._Bact.S 1681.JPG,0,0,True,1.0,1.0,2.012962e-16
4ca414e2fa4ecced8ad4f542f6a8e787,PV_data/Peach___Bacterial_spot/7fe9f893-889c-498b-9dfb-0cae1c2d78ce___Rutg._Bact.S 1514.JPG,0,0,True,1.0,1.0,1.1729454e-10
d3e82c50077d7967cb832840afc52f7e,PV_data/Peach___Bacterial_spot/7ffe900a-faa2-4f80-9a76-ec85c4d3aeaf___Rut._Bact.S 1519.JPG,0,0,True,1.0,1.0,2.0148083e-10
44abebf29b65945afa3a2a96a63b92e9,PV_data/Peach___Bacterial_spot/810f50b4-3625-4354-9b8e-e30b39e83db2___Rutg._Bact.S 1530.JPG,0,0,True,1.0,1.0,1.4229591e-09
459a701669c1e5a2e670768de28719d5,PV_data/Peach___Bacterial_spot/8135e360-6a93-49fd-ac19-713f542e8d66___Rut._Bact.S 1344.JPG,0,0,True,0.9998704,0.9998704,0.00012958252
5b3381f0b8adb99c98b80233f1d9169c,PV_data/Peach___Bacterial_spot/822d9013-16d5-4cae-8434-8c4b86865f15___Rutg._Bact.S 1272.JPG,0,0,True,1.0,1.0,4.7800573e-16
9805792369b09a2787028bb9851d54df,PV_data/Peach___Bacterial_spot/82bd1f8e-ec90-4f92-9d62-6f40ebe3f4f3___Rut._Bact.S 0941.JPG,0,0,True,0.83157766,0.83157766,0.16842234
92dffeeabfb8abb76f59bb521a40766a,PV_data/Peach___Bacterial_spot/8388cf16-8ed6-4eae-8617-372442cf8244___Rut._Bact.S 0778.JPG,0,0,True,0.99796814,0.99796814,0.0020318127
65b7c0340fe15b1b00a9f983d9bba166,PV_data/Peach___Bacterial_spot/839da99b-bc16-4540-ab6f-5cfd2da0eb7f___Rut._Bact.S 0754.JPG,0,0,True,1.0,1.0,1.375628e-08
1321ffe8cb6e605d265a12a5261eb34f,PV_data/Peach___Bacterial_spot/83b4d03f-69bd-432a-80d8-066bf664a4d3___Rut._Bact.S 3387.JPG,0,0,True,0.9999963,0.9999963,3.6404995e-06
0d66a8637e2a9b5d39e976e3ea41dac5,PV_data/Peach___Bacterial_spot/83dfeee8-1ada-43d4-9550-384d17c10b10___Rut._Bact.S 1252.JPG,0,0,True,0.9999999,0.9999999,1.2114204e-07
a193fb3981c2920be9afa17527cd9ed4,PV_data/Peach___Bacterial_spot/844d9bad-d56e-4b49-be1f-faaad61f3018___Rutg._Bact.S 1149.JPG,0,0,True,0.9999995,0.9999995,5.0105194e-07
00a5c043737d5af42d84bab15a846c95,PV_data/Peach___Bacterial_spot/84586954-3e88-4bf5-ae88-249cdd4b2a63___Rutg._Bact.S 1989.JPG,0,0,True,1.0,1.0,9.716283e-16
c2c23b77f361eeceae103959e007dfb1,PV_data/Peach___Bacterial_spot/84611f76-8ca4-410d-8c35-7fcdff8746a4___Rutg._Bact.S 1785.JPG,0,0,True,1.0,1.0,6.347694e-14
08c3cc99a2f43182d0393976fb940953,PV_data/Peach___Bacterial_spot/85523221-bd45-4c1a-89b3-a319c8961132___Rutg._Bact.S 1622.JPG,0,0,True,1.0,1.0,9.343534e-14
35ed51c123042423d55f53657c8de0ef,PV_data/Peach___Bacterial_spot/85e0dbde-5505-4abd-8759-51d77ab165ff___Rut._Bact.S 3380.JPG,0,0,True,0.9999999,0.9999999,1.6920553e-07
3081f4a1b89837e6d4c049e2a8b2d211,PV_data/Peach___Bacterial_spot/86a3824e-b896-4db5-b380-3587a02a6c7e___Rutg._Bact.S 2351.JPG,0,0,True,0.99999774,0.99999774,2.256056e-06
b06099c16f241143c938a9207d5a70a1,PV_data/Peach___Bacterial_spot/872b56b2-2cd7-4d34-8be0-164a60e67aaa___Rutg._Bact.S 2096.JPG,0,0,True,0.9999999,0.9999999,1.4500795e-07
10fcb840afe66bf1c399b9ee55b2dd34,PV_data/Peach___Bacterial_spot/872eaabb-b192-417d-917d-a9a1bc8c8c39___Rut._Bact.S 1068.JPG,0,0,True,1.0,1.0,2.8210605e-08
ce1d066fe14cf73eddde8dcfa8a181c7,PV_data/Peach___Bacterial_spot/87d23ba9-ca2f-4769-9ab1-4afc78d01a98___Rutg._Bact.S 1629.JPG,0,0,True,1.0,1.0,9.264948e-15
197c599c27c89f3d5f88776c1779ba50,PV_data/Peach___Bacterial_spot/8b398a06-92ee-4602-ae4a-8b795e2333db___Rut._Bact.S 1419.JPG,0,0,True,1.0,1.0,2.9507323e-09
1ebdea14982f3459162fee651c17867d,PV_data/Peach___Bacterial_spot/8beb9d78-059d-49dd-a651-05c1290d9217___Rut._Bact.S 3338.JPG,0,0,True,0.94575775,0.94575775,0.054242305
b4b930267831c88e48b8b03d052c4d99,PV_data/Peach___Bacterial_spot/8c4b6a9d-c3a0-413a-b01d-aa05a0172d61___Rut._Bact.S 0886.JPG,0,0,True,0.93955666,0.93955666,0.06044333
26932537670f532d57e2a488e167244c,PV_data/Peach___Bacterial_spot/8c8bdcd7-37d8-45a5-bb2f-7fdebb6fa83a___Rut._Bact.S 0929.JPG,0,0,True,0.9997662,0.9997662,0.00023385606
d9be5de2267742fbf1eed82bc4fc73ba,PV_data/Peach___Bacterial_spot/8cb41770-803c-4249-b90c-76f752595727___Rutg._Bact.S 1390.JPG,0,0,True,1.0,1.0,5.02729e-12
10190671a7eab77453b7f6a8728e647f,PV_data/Peach___Bacterial_spot/8e043345-34e4-4cdf-9608-8081fa0073dd___Rutg._Bact.S 1690.JPG,0,0,True,1.0,1.0,6.816268e-10
8e56177919c669777cbe3069f8956e6f,PV_data/Peach___Bacterial_spot/8f47847f-c1d0-4b08-b3ac-2ecc2f32669f___Rutg._Bact.S 2182.JPG,0,0,True,1.0,1.0,6.4840584e-15
04b0573a51ace1759df5b141d8de8a4f,PV_data/Peach___Bacterial_spot/8fa85b82-300b-4403-9b6e-22662bac799b___Rutg._Bact.S 1573.JPG,0,0,True,1.0,1.0,6.784729e-12
ebf06ceb212fb84fa343bd3b68014028,PV_data/Peach___Bacterial_spot/9077d634-b549-4b83-8d42-b247501fe405___Rutg._Bact.S 1083.JPG,0,0,True,1.0,1.0,2.2444604e-09
ff02504e05361fd77f06a31e1fca4ec3,PV_data/Peach___Bacterial_spot/908fb8f0-f265-409f-bce1-3e3359067485___Rutg._Bact.S 1413.JPG,0,0,True,1.0,1.0,1.890801e-16
1d49ec6a8a250ace98978dde8cb9965e,PV_data/Peach___Bacterial_spot/923aab96-363a-49b8-9122-9b97134c418a___Rut._Bact.S 1514.JPG,0,0,True,0.9999995,0.9999995,5.2484467e-07
f59334093b5c319cb5aa0c360e2b27b9,PV_data/Peach___Bacterial_spot/927523d0-5d58-40c2-843d-0db3199e5cdf___Rut._Bact.S 1014.JPG,0,0,True,0.9999901,0.9999901,9.876034e-06
5a6971e304eaf0f948ff2b375a3fb649,PV_data/Peach___Bacterial_spot/9333fec5-7e8d-46a5-82a8-f932e9994521___Rut._Bact.S 1134.JPG,0,0,True,0.99999976,0.99999976,2.3449171e-07
d10f01d19bb755cba77c526c883697e5,PV_data/Peach___Bacterial_spot/9410b401-a828-46a1-8198-8dffe977bd1d___Rutg._Bact.S 2267.JPG,0,0,True,1.0,1.0,1.8229626e-13
6b81aa680b8e453449b87f5d098e2db1,PV_data/Peach___Bacterial_spot/942b9244-d09a-49aa-8e01-9bfa8aedcfc2___Rut._Bact.S 3355.JPG,0,0,True,1.0,1.0,1.7266652e-08
4cb9fba2da6618fe09cd20084878c437,PV_data/Peach___Bacterial_spot/960adc60-4fdd-40e4-b728-0c4cf0aab399___Rut._Bact.S 1469.JPG,0,0,True,0.9998816,0.9998816,0.000118306285
360fc93e342ecf99b4d3f64a3c068102,PV_data/Peach___Bacterial_spot/9714c3f7-3e98-4fda-8100-04edb97e78f6___Rut._Bact.S 1072.JPG,0,0,True,0.9869791,0.9869791,0.013020907
e4339c7765fd96c9eaa346a949f270ce,PV_data/Peach___Bacterial_spot/9720fde1-63f2-4324-bae2-f36fcbb78d68___Rutg._Bact.S 1789.JPG,0,0,True,1.0,1.0,4.1286016e-14
1d7361a6010fce1fc16040111427248e,PV_data/Peach___Bacterial_spot/97ea92c7-69f3-4417-adea-733a30b630a3___Rut._Bact.S 1487.JPG,0,0,True,0.999895,0.999895,0.0001049545
de02c3d89b0f809567366e6455924f52,PV_data/Peach___Bacterial_spot/981ae62b-3487-406e-b5df-573ff0416d93___Rut._Bact.S 1004.JPG,0,0,True,0.99999225,0.99999225,7.783821e-06
4e06bf1cae4a9c42939b0f5396a9f5c6,PV_data/Peach___Bacterial_spot/98328d16-1925-4634-9ed4-1b619d7ec0f4___Rut._Bact.S 1026.JPG,0,0,True,1.0,1.0,7.06368e-10
33ce21323d818eb99b07d39c0f9740db,PV_data/Peach___Bacterial_spot/9846dd36-6e13-4126-983f-1f3e9e556cb4___Rutg._Bact.S 1368.JPG,0,0,True,1.0,1.0,3.789252e-15
ee45049ea3c8ccb515b5280d7471aaca,PV_data/Peach___Bacterial_spot/985ef2d7-e5b3-4e26-b92d-e94514a6b885___Rut._Bact.S 1021.JPG,0,0,True,0.9999831,0.9999831,1.690688e-05
7f3607749fe8e867ee38870f16a24b0a,PV_data/Peach___Bacterial_spot/991ec065-f81e-4836-91d5-60680a9d12cd___Rutg._Bact.S 2195.JPG,0,0,True,1.0,1.0,2.2996319e-10
d3d21cb2edfd8d964b86ec5f957aced3,PV_data/Peach___Bacterial_spot/99f7b5b4-be25-4055-80ad-1d236031f32b___Rutg._Bact.S 2041.JPG,0,0,True,1.0,1.0,7.5879884e-13
fcd3ccf9863239de639bb7dd53edecc8,PV_data/Peach___Bacterial_spot/9abc4d64-1cc6-4812-b299-7e8af31c53c6___Rutg._Bact.S 1670.JPG,0,0,True,1.0,1.0,3.9550568e-10
30342c6ead9d3dd55ff90c67b9b00fec,PV_data/Peach___Bacterial_spot/9b3c98ab-b880-497e-a015-6fb2be9627ed___Rutg._Bact.S 1625.JPG,0,0,True,1.0,1.0,9.715542e-16
be757d19eaa856c6282188b22612b552,PV_data/Peach___Bacterial_spot/9b6ea091-a4a9-4021-b125-bc48b2f64a68___Rutg._Bact.S 1778.JPG,0,0,True,1.0,1.0,4.0295527e-12
252196001036fc9d2a09c31a3e1e8f54,PV_data/Peach___Bacterial_spot/9c23d3ff-f9c5-49ff-b6a2-2a2583476f84___Rutg._Bact.S 1123.JPG,0,0,True,1.0,1.0,5.011747e-10
53a6e3f410169baa6c83e5d5c58125c7,PV_data/Peach___Bacterial_spot/9cbb7256-09bc-4cbb-ba29-4189b6fee650___Rutg._Bact.S 2272.JPG,0,0,True,1.0,1.0,9.51429e-10
a087e02aaa5cd5d67d41cfe3fcff4293,PV_data/Peach___Bacterial_spot/9fa34bad-b3f7-40fe-9c7f-b6d46161966a___Rutg._Bact.S 1134.JPG,0,0,True,1.0,1.0,8.697865e-09
5aff6cacdf9b9f84a9665b107ac7153f,PV_data/Peach___Bacterial_spot/a0fa5049-909d-48be-a621-2b380dc3cd18___Rut._Bact.S 1124.JPG,0,0,True,0.99981225,0.99981225,0.00018767067
eeaaf03f2d1ea603fd4293999a961efe,PV_data/Peach___Bacterial_spot/a139dd11-8244-4949-a97e-192574056747___Rutg._Bact.S 1396.JPG,0,0,True,1.0,1.0,4.5907283e-18
f09192226238232acbf04601cbd1e34e,PV_data/Peach___Bacterial_spot/a1853b0d-4eff-423e-881c-1673c5af46d1___Rutg._Bact.S 1286.JPG,0,0,True,1.0,1.0,1.6562975e-16
1dbbb17e4d26efd259bb35a8a738ce09,PV_data/Peach___Bacterial_spot/a1a16f34-82eb-442e-81d0-a411a292bb92___Rutg._Bact.S 1615.JPG,0,0,True,1.0,1.0,2.395796e-13
1f6d6674415c1bab089126a3b02bb7d6,PV_data/Peach___Bacterial_spot/a1c143e0-579e-4a84-843d-d2e79eb80aa6___Rutg._Bact.S 1147.JPG,0,0,True,1.0,1.0,5.1249564e-13
3586f55ee67c09689ff2ea9dc2b61451,PV_data/Peach___Bacterial_spot/a25d6189-cca1-450e-b9cf-635e469973d7___Rut._Bact.S 0996.JPG,0,0,True,0.9999994,0.9999994,5.7342106e-07
e0d52f6e8b597030398598c0fb1cb95e,PV_data/Peach___Bacterial_spot/a32fd511-41c1-4629-babd-e967de80480b___Rutg._Bact.S 1566.JPG,0,0,True,1.0,1.0,2.3360108e-10
29308cf0008e515f4e2f1e20b3417422,PV_data/Peach___Bacterial_spot/a3b4a6e5-1c8f-4ba2-81a5-5ce59d40ded2___Rutg._Bact.S 2045.JPG,0,0,True,1.0,1.0,5.8873804e-09
a95ae7e2a48eb7a012a2b28524dad183,PV_data/Peach___Bacterial_spot/a511c1c7-b7ee-4975-b58a-ace353953476___Rut._Bact.S 1426.JPG,0,0,True,0.99999905,0.99999905,1.0105803e-06
cdf881687d669186d427731f8ec44eff,PV_data/Peach___Bacterial_spot/a53c14f4-36db-41bc-a22a-5806b321d525___Rut._Bact.S 0893.JPG,0,0,True,0.9999865,0.9999865,1.3462082e-05
c6e47368ef9cf2f28feff81053cab79e,PV_data/Peach___Bacterial_spot/a5ccac77-de3a-406d-8fa8-e73149282638___Rutg._Bact.S 1923.JPG,0,0,True,1.0,1.0,3.9462103e-10
71f7b4384c8b0059aa21120fff14a890,PV_data/Peach___Bacterial_spot/a635f27a-107f-4008-b085-ef7d32e5eab1___Rut._Bact.S 0825.JPG,0,0,True,0.9999994,0.9999994,5.787756e-07
1a29fd40e7ea3450c9acf37cd12b90a5,PV_data/Peach___Bacterial_spot/a72afb3f-17b3-4504-908b-9ac879a5461b___Rut._Bact.S 3363.JPG,0,0,True,0.99999356,0.99999356,6.3997163e-06
feb043faa04d8bcc735dd5f3dac56828,PV_data/Peach___Bacterial_spot/a74774d0-12b1-47f3-858b-111a84a5b80e___Rut._Bact.S 1051.JPG,0,0,True,0.99941486,0.99941486,0.0005850668
26dd37049d9d775bdbedd35fedf0a2cf,PV_data/Peach___Bacterial_spot/a9030828-6668-478e-a89f-585a80a4d993___Rut._Bact.S 1156.JPG,0,0,True,0.94114846,0.94114846,0.05885146
86888d34dceff0006d055faa73e3f87d,PV_data/Peach___Bacterial_spot/acd1b162-3058-4c9c-9a96-4d0126d3e863___Rutg._Bact.S 2202.JPG,0,0,True,1.0,1.0,2.8623228e-12
37e8604adce0c8490768a26fd4c0f071,PV_data/Peach___Bacterial_spot/ad8aea96-17d0-4111-bc7b-f5d9c2dbda7a___Rutg._Bact.S 1926.JPG,0,0,True,1.0,1.0,3.4475274e-08
1cf9c80204be0ac0504cef9fe0e3ed38,PV_data/Peach___Bacterial_spot/aed9b348-a582-4758-b270-2fb25a42671f___Rut._Bact.S 1165.JPG,0,0,True,0.98763865,0.98763865,0.012361348
0f88b788c811df33d4ed13d064e895b6,PV_data/Peach___Bacterial_spot/af6dfe69-fe1d-4aef-90c0-69615c9a0cc7___Rut._Bact.S 1069.JPG,0,0,True,0.9999993,0.9999993,7.2267295e-07
79c3e221c33c665eb7f149f5f3552f35,PV_data/Peach___Bacterial_spot/b0a3bd08-f944-47a0-a245-6a39a23d2ce5___Rut._Bact.S 1118.JPG,0,0,True,0.9999486,0.9999486,5.134312e-05
8f7622de0425ac6dee901b8938bfe174,PV_data/Peach___Bacterial_spot/b0c05c17-bc18-43e8-84ae-9eddd1b4ca00___Rutg._Bact.S 1770.JPG,0,0,True,0.9999981,0.9999981,1.8515638e-06
90af87b0d1d0915c22141fe2b417e3a0,PV_data/Peach___Bacterial_spot/b2a2c3a5-e09b-46d8-9f5c-dc55f2bebafa___Rut._Bact.S 0909.JPG,0,0,True,1.0,1.0,1.239928e-08
f8e42eb7bccd7a8368e44fcbd19520ef,PV_data/Peach___Bacterial_spot/b2cc9f8c-6975-4e30-8bdb-b557aaa0face___Rutg._Bact.S 1830.JPG,0,0,True,0.9999964,0.9999964,3.5280157e-06
5ab2a81a5dc80cbdf23be1e6d3d365b6,PV_data/Peach___Bacterial_spot/b2d2c3bb-3b48-4149-b0fb-40c4e5b74585___Rut._Bact.S 1076.JPG,0,0,True,0.99999964,0.99999964,3.2740863e-07
529e457d0e7cd248d8922967892d9b46,PV_data/Peach___Bacterial_spot/b2ef8497-ea1a-4be0-8d1b-88d72cae0b37___Rutg._Bact.S 2092.JPG,0,0,True,0.9999999,0.9999999,9.397555e-08
162e73eb1a1789e1282ac76d781460de,PV_data/Peach___Bacterial_spot/b4577eea-327e-425f-9b20-8e3f93d968b4___Rut._Bact.S 3467.JPG,0,0,True,0.9999871,0.9999871,1.2896495e-05
b412352d803de64a75bf9bc55abaf71c,PV_data/Peach___Bacterial_spot/b5a714ef-8077-49d6-87bd-3fdae73a0d25___Rutg._Bact.S 1115.JPG,0,0,True,1.0,1.0,1.8424162e-12
cc5cb990db7f7187718da6f9e577f39a,PV_data/Peach___Bacterial_spot/b66f2f57-c692-41e9-868a-134e56f7821a___Rutg._Bact.S 1182.JPG,0,0,True,1.0,1.0,9.307875e-09
f5a95485c378104ac37c501c3eed06e7,PV_data/Peach___Bacterial_spot/b6c43aaa-4035-4e88-8d12-f904ec9642f1___Rut._Bact.S 0956.JPG,0,0,True,0.9998585,0.9998585,0.00014148932
075a7e6199ee60c6f97e79bde90e8e6a,PV_data/Peach___Bacterial_spot/b73aae81-7990-4f12-bd83-4f13cf20e9cc___Rutg._Bact.S 2127.JPG,0,0,True,1.0,1.0,2.2481592e-08
7616c147e424ee167984115ec571d170,PV_data/Peach___Bacterial_spot/b879cb9d-4cd2-49e5-8fbe-af75c3a3d30f___Rutg._Bact.S 1529.JPG,0,0,True,0.9999994,0.9999994,5.6330697e-07
57e82b6bf1e631b228e2ea13fe4767d8,PV_data/Peach___Bacterial_spot/b90453b9-4f6f-4370-b74b-1848b898661a___Rutg._Bact.S 1793.JPG,0,0,True,1.0,1.0,1.9719736e-12
e966b56fa77264bbb59acc870e7ffede,PV_data/Peach___Bacterial_spot/b9816cc8-bc80-4397-a7a6-8698596ae6d6___Rut._Bact.S 1403.JPG,0,0,True,1.0,1.0,2.767214e-08
b3861ac302c410cd327d7233d10126c4,PV_data/Peach___Bacterial_spot/ba635cb4-2834-4741-a042-df706038af7a___Rutg._Bact.S 2297.JPG,0,0,True,1.0,1.0,8.310802e-14
b9b5f581f61df114713477f1f5ab2880,PV_data/Peach___Bacterial_spot/baa42996-dd9a-4f3c-a697-b45079b65753___Rut._Bact.S 1023.JPG,0,0,True,1.0,1.0,1.8666488e-09
f1a40267a00daef38d0fb93ee4be4ec1,PV_data/Peach___Bacterial_spot/bbd2c99c-7848-4e56-abb9-ddc44458fc8f___Rut._Bact.S 1186.JPG,0,0,True,0.999596,0.999596,0.00040396975
cba89bb9d74556363f594f710d57a488,PV_data/Peach___Bacterial_spot/bc2e3c41-e224-41b7-aa6e-9b57a66acb44___Rutg._Bact.S 1506.JPG,0,0,True,1.0,1.0,5.2245324e-09
54f0f1675db58d3da67fa18db72f848f,PV_data/Peach___Bacterial_spot/bc465a8d-2447-4e0d-b9a2-126b2cd39080___Rutg._Bact.S 1839.JPG,0,0,True,1.0,1.0,1.2541132e-08
9abf28858ab871be0365dda940888c10,PV_data/Peach___Bacterial_spot/bcc95b12-c380-4ece-92be-92ee6e1cff88___Rut._Bact.S 0788.JPG,0,0,True,0.9984743,0.9984743,0.0015256758
62d5a783fb7640ba8931e17b85298237,PV_data/Peach___Bacterial_spot/bcde34a5-b786-418a-a7aa-81d99d959583___Rut._Bact.S 1220.JPG,0,0,True,0.99663997,0.99663997,0.003360037
2ad92f9a2d25dfb4b669a4657e5b2553,PV_data/Peach___Bacterial_spot/bd4a3609-3de0-4eed-b63d-fb1d869b8ffa___Rutg._Bact.S 2003.JPG,0,0,True,1.0,1.0,3.8696307e-11
44b62d0d7cd1b15026eb1a1a65b106a9,PV_data/Peach___Bacterial_spot/bd4c6d44-975b-46fd-8a43-086230bcefd6___Rutg._Bact.S 2038.JPG,0,0,True,1.0,1.0,2.1809115e-08
64a4a7156f3ade75f911ef0efc3575f6,PV_data/Peach___Bacterial_spot/bd834d19-4c8f-4770-a1fe-efea72e4cd48___Rutg._Bact.S 1953.JPG,0,0,True,1.0,1.0,9.569563e-10
c4fb112d3b36afebed2bbed5b3569f5f,PV_data/Peach___Bacterial_spot/bec06112-5113-4b2a-91cd-ff46b28e34e5___Rutg._Bact.S 1096.JPG,0,0,True,1.0,1.0,2.4821485e-11
87f3b177d2db2a27a63602c355e5ffcc,PV_data/Peach___Bacterial_spot/befbd94d-21b2-4715-b4c4-cdbe3f86c9a2___Rut._Bact.S 1125.JPG,0,0,True,0.999995,0.999995,5.047197e-06
dae87dc05575c274dead4ec7d8bcc8d6,PV_data/Peach___Bacterial_spot/c0d49384-1efe-491f-b442-f0f41526fd6f___Rutg._Bact.S 1110.JPG,0,0,True,1.0,1.0,1.02111394e-13
4fd97ccd58d9d3e164d8607e62b75ee9,PV_data/Peach___Bacterial_spot/c15696ee-41f1-41f4-9012-6e8fde70078c___Rut._Bact.S 1500.JPG,0,0,True,0.99999,0.99999,1.001847e-05
dc783ea90e27e017903b75d9a9e10d96,PV_data/Peach___Bacterial_spot/c17ba14a-6400-4281-9251-07371ffb60e2___Rutg._Bact.S 2081.JPG,0,0,True,1.0,1.0,9.034382e-13
aa9815e89fcb5a12e50afade9980b48c,PV_data/Peach___Bacterial_spot/c20a6939-8bfd-42b6-bbcf-9a18e81c8583___Rut._Bact.S 3398.JPG,0,0,True,1.0,1.0,3.5853379e-13
6188b5224426c196eebd75fa96d90bdc,PV_data/Peach___Bacterial_spot/c3a01e69-bd52-4db2-8f1f-513c01933680___Rutg._Bact.S 2112.JPG,0,0,True,1.0,1.0,2.0711377e-11
69ca4f15e6f148390307e7fcd8260b39,PV_data/Peach___Bacterial_spot/c3c13e42-c79c-4ddb-8e7d-f9e40b136697___Rut._Bact.S 0865.JPG,0,0,True,0.9700797,0.9700797,0.029920265
30b9e869e6b7030b1ffd12af747c0a75,PV_data/Peach___Bacterial_spot/c3f18a97-3f04-41e0-bd28-4563f17ec7a3___Rut._Bact.S 1203.JPG,0,0,True,0.99999356,0.99999356,6.4820556e-06
4cab8b07d71b5c5ffe173fed0ed06331,PV_data/Peach___Bacterial_spot/c4214b30-7e7e-4786-b112-f106749afa91___Rutg._Bact.S 1289.JPG,0,0,True,1.0,1.0,1.4530604e-16
5cf9b4440492b21d3384c23fcff1bc32,PV_data/Peach___Bacterial_spot/c5245bdb-9a36-44c6-a70b-fbfb84d78741___Rut._Bact.S 1544.JPG,0,0,True,0.99999976,0.99999976,2.1996738e-07
fc466255ab57c7a77e69dd6a99d847e4,PV_data/Peach___Bacterial_spot/c64ccbd0-67ba-4787-9f1c-68a92cf43791___Rutg._Bact.S 1595.JPG,0,0,True,1.0,1.0,7.581255e-11
a3e11b572b97a81955f4fc7e3d881966,PV_data/Peach___Bacterial_spot/c66a36d1-ae86-4b9c-a84d-6e0ad09bfd05___Rut._Bact.S 1311.JPG,0,0,True,0.9999987,0.9999987,1.3275968e-06
23deab0a42ee2638dcb16a1362a42036,PV_data/Peach___Bacterial_spot/c71301df-ba65-4e59-945e-66f8d6ec4d92___Rut._Bact.S 1181.JPG,0,0,True,0.99999833,0.99999833,1.7043019e-06
72fe8772d97255dd02db6c6d63f9efed,PV_data/Peach___Bacterial_spot/c71d75ab-5e25-4c59-9a7c-fe915a6def88___Rut._Bact.S 0779.JPG,0,0,True,0.99881536,0.99881536,0.001184563
de7f9b22ad590132d0cbe55ede0ff412,PV_data/Peach___Bacterial_spot/c7553160-467d-491e-b319-6f37e5101370___Rutg._Bact.S 2309.JPG,0,0,True,1.0,1.0,3.2639284e-12
5a43d376806cde804c6066af1e1c2a86,PV_data/Peach___Bacterial_spot/c7ef618b-dc97-4c85-a288-7f83ec43bd97___Rutg._Bact.S 1333.JPG,0,0,True,1.0,1.0,4.0946704e-09
48ea4cfc9d5dc9711d70556541973b3f,PV_data/Peach___Bacterial_spot/c8861759-c3c0-47ad-bc9c-b1a758de152d___Rut._Bact.S 1183.JPG,0,0,True,0.99991715,0.99991715,8.2794664e-05
d3149229526f27bc5633425f94d995d9,PV_data/Peach___Bacterial_spot/c89308a9-6321-408c-80c3-9254e64432a8___Rutg._Bact.S 2269.JPG,0,0,True,1.0,1.0,3.6176593e-12
c2b15e970e10b3a6d6868f6e49660148,PV_data/Peach___Bacterial_spot/c91227f4-e6e8-4150-bdd2-a2d218ee53ba___Rutg._Bact.S 1108.JPG,0,0,True,1.0,1.0,3.8902034e-11
819a5ad0e7a41f5caad7cb485b2c0ab5,PV_data/Peach___Bacterial_spot/c9ee6ce0-8965-451a-9f56-2264f0afebbb___Rut._Bact.S 3408.JPG,0,0,True,0.9999993,0.9999993,7.533697e-07
b868af7eee11b1318ea7e7f0105d45bd,PV_data/Peach___Bacterial_spot/cb0906dc-97b5-46df-90d5-260b7152b824___Rutg._Bact.S 1909.JPG,0,0,True,1.0,1.0,3.0408238e-09
5608958ff34d54a97906249cf9e22df3,PV_data/Peach___Bacterial_spot/cb245596-e439-4fb8-ae1a-ddef3d537804___Rut._Bact.S 3358.JPG,0,0,True,1.0,1.0,1.6737479e-09
958382c250c011be41ac3f0e325c7201,PV_data/Peach___Bacterial_spot/cbdda362-bf64-4f7e-ba4c-3439f442ce09___Rutg._Bact.S 1275.JPG,0,0,True,1.0,1.0,8.214926e-16
1cff1ccc9edc6a8d10869399075d2b5b,PV_data/Peach___Bacterial_spot/cc2ddbd4-fa44-465a-a781-ce392837141f___Rut._Bact.S 3393.JPG,0,0,True,0.99999607,0.99999607,3.958921e-06
61b2a3419dbc95f13bb0d76bef654a5e,PV_data/Peach___Bacterial_spot/cd56164a-0b26-4286-83b0-5dfd2a96c43e___Rut._Bact.S 1236.JPG,0,0,True,0.9999012,0.9999012,9.884102e-05
fb3c9e3525149c1bd14246cc94c16a07,PV_data/Peach___Bacterial_spot/cda8c388-1575-4272-80ea-6b6eef622efa___Rutg._Bact.S 2181.JPG,0,0,True,1.0,1.0,1.0091681e-12
06dd2f707b36cd1ae09afc89ec1144c6,PV_data/Peach___Bacterial_spot/cde1624d-7727-495d-81ff-ef8216b1a3f9___Rutg._Bact.S 2154.JPG,0,0,True,1.0,1.0,4.284169e-13
74b1f94dcb715e545d45ab43a7be54b7,PV_data/Peach___Bacterial_spot/d12438d1-5dc3-4ad8-93cd-79a33e8e3aeb___Rut._Bact.S 1290.JPG,0,0,True,0.9999881,0.9999881,1.1906465e-05
c7002b9b1c750e330472289bf0cfd8c4,PV_data/Peach___Bacterial_spot/d155e8cf-510e-47ce-82b7-8ed5afd0d009___Rutg._Bact.S 1128.JPG,0,0,True,0.99996376,0.99996376,3.6291272e-05
81b53e60d61db80b0422b20945905f4e,PV_data/Peach___Bacterial_spot/d1bd3a84-e542-4ab5-8a78-5cdd1cddfcd7___Rut._Bact.S 1394.JPG,0,0,True,0.9999999,0.9999999,1.7750082e-07
03e92fbd03ada719440fe48dc73a513b,PV_data/Peach___Bacterial_spot/d26c044a-0294-4137-88d8-e86016f8dc6c___Rutg._Bact.S 1326.JPG,0,0,True,0.9999999,0.9999999,8.16466e-08
6291aa3bcadc6dbd7c85cd9a0c38ba13,PV_data/Peach___Bacterial_spot/d29ec535-52ff-4be6-8ec5-833be9bbc22c___Rut._Bact.S 1224.JPG,0,0,True,0.9999716,0.9999716,2.8404218e-05
f5530bb958054322f123e1fa79ef91c1,PV_data/Peach___Bacterial_spot/d4022bcf-1ce4-41f3-9672-4dcfcf0da156___Rut._Bact.S 3366.JPG,0,0,True,0.99999964,0.99999964,3.2517315e-07
06b4e12f5fd401e6bc6bd4189a1b2a65,PV_data/Peach___Bacterial_spot/d55e175b-9845-422e-86b9-8135176e88aa___Rutg._Bact.S 2346.JPG,0,0,True,0.9999993,0.9999993,7.177893e-07
945441e3fc3e54990ffe47c7da994b8b,PV_data/Peach___Bacterial_spot/d75e2c63-6ab6-447c-8361-1d687e784e9a___Rutg._Bact.S 1203.JPG,0,0,True,1.0,1.0,1.8326896e-09
d4cd06091f8bbad2d8c65f43929df32d,PV_data/Peach___Bacterial_spot/d7fddc02-8505-4886-a4ff-e5bbea7b76c7___Rutg._Bact.S 2188.JPG,0,0,True,1.0,1.0,2.2315446e-12
d0c8400fb55dd539a50f0166c51487fc,PV_data/Peach___Bacterial_spot/d9ced7ee-5d07-4385-898d-233ed3937775___Rutg._Bact.S 1727.JPG,0,0,True,1.0,1.0,4.991907e-16
ed3ad74e1631516c15fc702ab94f50f0,PV_data/Peach___Bacterial_spot/db638f20-bdc8-489f-a67c-bb6e75cefe9d___Rut._Bact.S 1555.JPG,0,0,True,0.99967307,0.99967307,0.00032685863
e63483d7ef09bd8695ef11dee39a936b,PV_data/Peach___Bacterial_spot/dba846ad-67ee-4a38-be9f-f4d76532a350___Rut._Bact.S 1041.JPG,0,0,True,0.99999213,0.99999213,7.8635585e-06
daac17c7a74ce9641046fe6011d26a98,PV_data/Peach___Bacterial_spot/dd98ee21-3c19-4e7b-a252-377b78972797___Rutg._Bact.S 1689.JPG,0,0,True,1.0,1.0,5.0404907e-09
e93208a6d00d60f5845e5bbd313a28d9,PV_data/Peach___Bacterial_spot/ddfcd3f7-34ee-4f06-902d-4dea67abc27f___Rutg._Bact.S 1503.JPG,0,0,True,1.0,1.0,1.0587517e-08
d75fc44ee3a046e3c7f7b4bafd9de8aa,PV_data/Peach___Bacterial_spot/de6f3367-e6dd-4052-a0b8-76eaf9539bf0___Rutg._Bact.S 2243.JPG,0,0,True,1.0,1.0,2.730315e-16
4fc8b4fe127325a8a527b5a25672b0be,PV_data/Peach___Bacterial_spot/de9f602d-3199-4720-acd5-b42431e8a201___Rut._Bact.S 1195.JPG,0,0,True,1.0,1.0,6.142747e-10
cf212e80497702c7b52a6c5e51af6973,PV_data/Peach___Bacterial_spot/df118178-ccea-4e2d-a6c7-a18e40dc5ab8___Rutg._Bact.S 2238.JPG,0,0,True,1.0,1.0,4.917437e-10
838289125a89d2c81c0f1b1f996e03ce,PV_data/Peach___Bacterial_spot/df2050b2-19b4-49de-89c9-96606217e609___Rutg._Bact.S 1699.JPG,0,0,True,1.0,1.0,3.860368e-09
c67335e98702afa70a5d4108f54ab676,PV_data/Peach___Bacterial_spot/df4e9b13-9425-4696-866e-adfc83e06b60___Rutg._Bact.S 2065.JPG,0,0,True,1.0,1.0,4.0118875e-10
2f8d4e04974ad6b1ce639892afc274d9,PV_data/Peach___Bacterial_spot/df67eb70-4edb-4168-aff1-c48e64a9810a___Rutg._Bact.S 2378.JPG,0,0,True,1.0,1.0,4.8317413e-11
10ee15a5f2dafc1a4304b0a8774d71c0,PV_data/Peach___Bacterial_spot/dfbdce65-39f2-4eda-8989-47da4f469206___Rut._Bact.S 1098.JPG,0,0,True,0.93909246,0.93909246,0.06090753
ca9f16b97e428573534c75d8c5683ebd,PV_data/Peach___Bacterial_spot/e109b7ad-3cad-4810-a854-04249b7d9ccd___Rutg._Bact.S 1925.JPG,0,0,True,1.0,1.0,4.817042e-09
4ed5738a72ebe66f28ba7c1063fe7470,PV_data/Peach___Bacterial_spot/e12a28e8-341b-4f72-989e-c49a5427ba81___Rut._Bact.S 1350.JPG,0,0,True,0.99999976,0.99999976,2.3126502e-07
7138f8118e606ddbe756782ab301b600,PV_data/Peach___Bacterial_spot/e152c2f0-15b5-4aed-902e-02e533c07eb8___Rut._Bact.S 0987.JPG,0,0,True,0.94490206,0.94490206,0.05509799
7e9464a31765fb04cbbefc74baf51311,PV_data/Peach___Bacterial_spot/e1d54ad8-2b13-47fd-97da-1711decc24c4___Rut._Bact.S 1379.JPG,0,0,True,0.99999976,0.99999976,2.4634076e-07
dda4d781d236b7b0f60b43bc7556b7c2,PV_data/Peach___Bacterial_spot/e2584cb2-8a38-4f48-8bcc-bb672db8ddb7___Rutg._Bact.S 1397.JPG,0,0,True,1.0,1.0,7.925445e-14
b4d79cbe3ea6cd1c1f694bed42d43c89,PV_data/Peach___Bacterial_spot/e465bfdf-4972-4e02-a342-3a1409d86964___Rut._Bact.S 0903.JPG,0,0,True,0.99990106,0.99990106,9.8895885e-05
ebb0a64584c3a9cce9e5c98b8ed2936d,PV_data/Peach___Bacterial_spot/e4af5a6f-fa9c-4ec4-a996-5d834561357b___Rutg._Bact.S 2122.JPG,0,0,True,0.9999912,0.9999912,8.821133e-06
6637b2ef2c1a22d4dc383f982c4a8422,PV_data/Peach___Bacterial_spot/e4edaeb8-c428-443b-aaaf-c317942a1be6___Rut._Bact.S 1045.JPG,0,0,True,0.99999905,0.99999905,9.1464943e-07
aa0bf8f64849d733e73360cabe26abc6,PV_data/Peach___Bacterial_spot/e4f163c9-403f-4f74-8734-6ef40a123eed___Rut._Bact.S 1312.JPG,0,0,True,0.99999964,0.99999964,3.6008666e-07
696e2d38605271df81bdb007f8426740,PV_data/Peach___Bacterial_spot/e57360c9-2230-4db4-bcfe-8634583ce52b___Rutg._Bact.S 2165.JPG,0,0,True,1.0,1.0,4.3967605e-10
f907cb35db75a31a311f1f73862c69b7,PV_data/Peach___Bacterial_spot/e5a54b62-4f5c-41c1-992b-d340a05f322f___Rutg._Bact.S 1940.JPG,0,0,True,1.0,1.0,3.7615557e-08
fd12b59ab7eacd61e14107d2e95c1d33,PV_data/Peach___Bacterial_spot/e5d80862-b7b6-4b2d-919a-b993f56d234e___Rutg._Bact.S 1497.JPG,0,0,True,1.0,1.0,6.307786e-09
1ae05ed55803f48c27c1cb60ef9364be,PV_data/Peach___Bacterial_spot/e61baaa7-1edb-4d0d-9a4b-19c6eb9a9be7___Rutg._Bact.S 1542.JPG,0,0,True,1.0,1.0,2.462038e-15
9128a5f89869a44cdee99910e79e4b72,PV_data/Peach___Bacterial_spot/e6f25dd1-e108-4ce8-b3bb-30bf1c910b9e___Rutg._Bact.S 1353.JPG,0,0,True,1.0,1.0,9.0641204e-13
a87dfdaf136b34debbcb11e0fa2dce9e,PV_data/Peach___Bacterial_spot/e7a1cadc-7497-4366-8a36-79da9227545b___Rutg._Bact.S 1474.JPG,0,0,True,1.0,1.0,1.0968937e-10
8c8a3d9f3d0044eb4db124b0b3bd7f1e,PV_data/Peach___Bacterial_spot/e895fb6e-297b-4da5-adb7-f54d29c4d0bd___Rutg._Bact.S 1946.JPG,0,0,True,1.0,1.0,5.9708067e-12
57ace75189b0658508aab70974a76f0b,PV_data/Peach___Bacterial_spot/e9670d59-8eaa-4ea8-87a6-5008f55137b9___Rutg._Bact.S 1400.JPG,0,0,True,1.0,1.0,1.6525307e-15
56e6175dbcd1e6d9a049ca9f110d1d6a,PV_data/Peach___Bacterial_spot/eafb35ad-9f2a-415f-92ca-87c1a43e6736___Rutg._Bact.S 1964.JPG,0,0,True,1.0,1.0,2.369854e-09
5c0941156aa384010007fb0a00b0f01d,PV_data/Peach___Bacterial_spot/ebb7cb78-9cc7-42d6-a057-79b9361dcf1c___Rut._Bact.S 0842.JPG,0,0,True,0.99998116,0.99998116,1.8776316e-05
ced1d12cdf6bf63c8cd13852d6eefefa,PV_data/Peach___Bacterial_spot/ec8b301d-6963-4029-80e6-4d8be10104da___Rutg._Bact.S 1273.JPG,0,0,True,1.0,1.0,3.1107918e-13
0c2d2154bb7c9d603f47709d9da3b0dd,PV_data/Peach___Bacterial_spot/ee2d9428-30bf-4472-a4dd-ecfa48041c8b___Rutg._Bact.S 1322.JPG,0,0,True,1.0,1.0,1.4773645e-13
c986fd36779e05cfadc72c847f8711ab,PV_data/Peach___Bacterial_spot/ee63ad7f-a004-45ea-a6d7-2a859cf9ca03___Rut._Bact.S 1372.JPG,0,0,True,0.99999964,0.99999964,3.260047e-07
82b447d0eb95bd0247795688a02a87e5,PV_data/Peach___Bacterial_spot/ee7ab3bd-a28e-4f9b-a704-92231cb0151c___Rut._Bact.S 1389.JPG,0,0,True,0.9998921,0.9998921,0.0001078514
031ee8f6113fcdf99fcdab375a20b19c,PV_data/Peach___Bacterial_spot/eed2ea4b-c36e-4968-84b3-0425659d70d6___Rutg._Bact.S 1510.JPG,0,0,True,1.0,1.0,1.0897986e-11
58e5ee549a6748765e20dd0e6d50f9f7,PV_data/Peach___Bacterial_spot/ef55ce01-a26f-41d0-97c4-4f6c84316150___Rutg._Bact.S 1838.JPG,0,0,True,1.0,1.0,2.5273537e-09
a1e4737b09e1bcf7cef119b5177db90a,PV_data/Peach___Bacterial_spot/f025d0e9-e94c-42f4-b06f-d63f37c36d1d___Rut._Bact.S 1285.JPG,0,0,True,0.9999511,0.9999511,4.8877635e-05
e6ad42646384d7324d55c3c6969d1bce,PV_data/Peach___Bacterial_spot/f05fa23f-1cd4-4c07-a100-c2e0d358f30e___Rut._Bact.S 0974.JPG,0,1,False,0.6162644,0.3837356,0.6162644
1c11b161e0fc216a2fbe4e14709aea3f,PV_data/Peach___Bacterial_spot/f19b6be8-051e-445f-941d-4964ccbfb072___Rut._Bact.S 1528.JPG,0,0,True,0.9999713,0.9999713,2.866977e-05
84e4a68cf3959f5e98fedb1145e63618,PV_data/Peach___Bacterial_spot/f51d0529-b089-4d5b-af63-340b6b9f5b5e___Rutg._Bact.S 1570.JPG,0,0,True,1.0,1.0,5.950768e-14
6cdfad495c9a4d08bcc8190b0dc011ce,PV_data/Peach___Bacterial_spot/f7be0abd-999e-41c4-8eab-a59937827332___Rutg._Bact.S 1678.JPG,0,0,True,1.0,1.0,2.1508159e-13
d819ad52140ead8ab73b91abb586ebcb,PV_data/Peach___Bacterial_spot/fadceda5-cac1-4e4f-b7a0-77439225ee44___Rutg._Bact.S 1198.JPG,0,0,True,1.0,1.0,2.838352e-09
83840d8fa2246afe09e891f5a1e55f49,PV_data/Peach___Bacterial_spot/fbdc58af-b7f8-4013-a7b5-0ff97b063f27___Rutg._Bact.S 2153.JPG,0,0,True,1.0,1.0,1.4978153e-10
838e93fd1b161930870c36baf51e3d2e,PV_data/Peach___Bacterial_spot/fc3fb96c-f661-4e69-ace8-30a6b194f778___Rut._Bact.S 3416.JPG,0,0,True,1.0,1.0,1.08696545e-14
9f477cad7fbb2fd522771b1ce94c4f18,PV_data/Peach___Bacterial_spot/fc4cac27-8399-48b9-ba31-70d47ffd1fed___Rutg._Bact.S 2252.JPG,0,0,True,1.0,1.0,1.17549166e-14
bb955fd39e5bfd17dd40492daf1befb5,PV_data/Peach___Bacterial_spot/fd11e586-0511-4245-a96f-a892df5d0278___Rut._Bact.S 0944.JPG,0,0,True,1.0,1.0,2.6899782e-10
9d2bace93d43db4eec5da1f04fcb84d4,PV_data/Peach___Bacterial_spot/fe24139b-640d-498f-93d3-c14458c040f0___Rut._Bact.S 1305.JPG,0,0,True,1.0,1.0,7.0159334e-10
4e1f2e2d569519491c7564052cd3b35d,PV_data/Peach___Bacterial_spot/fe3a0c25-0e0a-41ff-8d9d-7aaacca7dae5___Rut._Bact.S 1223.JPG,0,0,True,0.9878963,0.9878963,0.012103628
6d98672a5631869921e795de0060bc89,PV_data/Peach___Bacterial_spot/fed37949-d6c1-4523-86ed-a5675bd45cf6___Rutg._Bact.S 2374.JPG,0,0,True,0.99999976,0.99999976,2.7975813e-07
357cf5e1feb84df922dd7c7e27e5c265,PV_data/Peach___Bacterial_spot/fef73da6-c30f-49a0-8180-e52704f45c73___Rut._Bact.S 1365.JPG,0,0,True,0.99936384,0.99936384,0.00063617
7b929174f145f9627c95f40a2a2e485a,PV_data/Peach___healthy/026aa11e-3f67-4951-9533-3c6ceb4c3d59___Rutg._HL 2494.JPG,1,1,True,0.9999975,2.4811025e-06,0.9999975
58cd9f2d3aebdc0e6281ce76764f3ec2,PV_data/Peach___healthy/068bcecd-d4f3-498b-9828-43e0f0bfd29b___Rutg._HL 3596.JPG,1,1,True,0.9989416,0.0010584673,0.9989416
418230f4ec5eef5a75414175aab0aed8,PV_data/Peach___healthy/079ad23f-a0ac-4b01-b7fd-bb2e0ff9fc78___Rutg._HL 3576.JPG,1,1,True,0.997926,0.0020739855,0.997926
5456462fcce11127a741d4bb39637bfa,PV_data/Peach___healthy/0a2ed402-5d23-4e8d-bc98-b264aea9c3fb___Rutg._HL 2471.JPG,1,1,True,0.98792845,0.012071578,0.98792845
8e3ead73bd2657372b7784ede3a0ceb6,PV_data/Peach___healthy/0aec21de-1b0b-4aa5-9e07-560fdbf0580d___Rutg._HL 3583.JPG,1,1,True,0.99923706,0.00076290726,0.99923706
04e0a1d70687f01581411c80779d079e,PV_data/Peach___healthy/1791f201-a1a6-4865-aff3-b0b33f417bf7___Rutg._HL 3685.JPG,1,1,True,0.9999248,7.5180425e-05,0.9999248
023c1e1bee01980fa1fcf9ebe3def610,PV_data/Peach___healthy/1ac02917-7c49-4f14-8d31-9a4f497a9bd0___Rutg._HL 3695.JPG,1,1,True,0.9997074,0.00029258712,0.9997074
5f99ebd01cf8a50146a2a14af54751a2,PV_data/Peach___healthy/29b8ad30-af3d-4cdb-80ff-31298fe98c11___Rutg._HL 2468.JPG,1,1,True,0.95844066,0.041559387,0.95844066
81538b2a4c9824669f31aa09fad2ff93,PV_data/Peach___healthy/30b5e155-096a-4a10-93e6-0c2bbf88e203___Rutg._HL 2438.JPG,1,1,True,0.9989796,0.0010203137,0.9989796
3d53cbd1cdf5fe1ee6e2a1a4f1ee706e,PV_data/Peach___healthy/3989295f-5b92-43e7-b48b-dcfe90f01566___Rutg._HL 3677.JPG,1,1,True,0.99202216,0.007977859,0.99202216
f9262fad9900731cd0deeece9c7b3324,PV_data/Peach___healthy/3af5d6d0-8faa-4cd1-92a9-306f3e00b5dd___Rutg._HL 2427.JPG,1,1,True,0.99996114,3.8905466e-05,0.99996114
c87cdd877ba3baf3d77aefe4a51ea874,PV_data/Peach___healthy/4279599c-decb-4727-917a-d8544cd5fc3a___Rutg._HL 3654.JPG,1,1,True,0.9999968,3.2093503e-06,0.9999968
dead59c6030c5f7deb4ad09ebe98aeb5,PV_data/Peach___healthy/4a592d90-1902-4b88-acb2-b3b5b746ce0a___Rutg._HL 2430.JPG,1,1,True,0.99998844,1.1508362e-05,0.99998844
1a83e5df415db1c1b1b9af7c7691086d,PV_data/Peach___healthy/4b4eb9a6-b00e-4760-b939-1a428e5e588a___Rutg._HL 3638.JPG,1,1,True,0.99993825,6.174927e-05,0.99993825
743c6a91d9860d19306b9df9e41babff,PV_data/Peach___healthy/4c00a061-3245-4e69-9a3f-a88a3241f141___Rutg._HL 2426.JPG,1,1,True,0.9999958,4.1832477e-06,0.9999958
00dc8e831a383cfd2f6e2ed2975b27f0,PV_data/Peach___healthy/4c0dd104-cd6f-4ffe-8925-02f42b268640___Rutg._HL 3617.JPG,1,1,True,0.9999858,1.4219582e-05,0.9999858
3331c82f881060616a1e3e15d812fbeb,PV_data/Peach___healthy/4f82e4bd-5144-4da9-a725-27be98f75581___Rutg._HL 3698.JPG,1,1,True,0.9999702,2.9834564e-05,0.9999702
b3f089a7f017a05bab80e8acf45cf9f2,PV_data/Peach___healthy/500b93fd-f11f-4170-8752-966068f57188___Rutg._HL 2502.JPG,1,1,True,0.54212755,0.4578725,0.54212755
8e2e74cc4f25211ddbf0777853f7f929,PV_data/Peach___healthy/52545cfe-0344-4f21-b24f-834263a7525b___Rutg._HL 2456.JPG,1,1,True,0.9999858,1.4194909e-05,0.9999858
e0ae5e597d3e4b46576a024852c74c1c,PV_data/Peach___healthy/5d994e9c-adc0-47c6-bc59-b4ec117b070e___Rutg._HL 3669.JPG,1,1,True,0.9999999,7.652905e-08,0.9999999
021d5efb647cc6fca5ea6f582fda69cc,PV_data/Peach___healthy/61facc81-a081-439a-bb81-ec369bc7511f___Rutg._HL 2401.JPG,1,1,True,0.9999982,1.7807097e-06,0.9999982
e43f757b9e19ded47cb08e1b022f1f9f,PV_data/Peach___healthy/64460ebe-57cb-4222-be13-02a5c43a1be7___Rutg._HL 3732.JPG,1,1,True,0.9999695,3.0483387e-05,0.9999695
01d16d3ed480fd08412c7122caf1eca1,PV_data/Peach___healthy/6544ed11-a701-4a1a-8b7c-9cfbdfd8154c___Rutg._HL 3607.JPG,1,1,True,0.99995565,4.4399938e-05,0.99995565
1f85429557e56478201d7eacc644d2f4,PV_data/Peach___healthy/66408ce6-6721-4c8c-b454-ab258fb71661___Rutg._HL 3510.JPG,1,1,True,0.99783945,0.0021604707,0.99783945
dfef2540f3474999746619017a31517c,PV_data/Peach___healthy/682e8658-0a23-48fb-a3d6-6c920d0943da___Rutg._HL 3547.JPG,1,1,True,0.6449943,0.35500562,0.6449943
cdd27c736413afa8e76169dad0fef659,PV_data/Peach___healthy/6f80e5a3-0ab3-4f97-acfa-e6b4b63f1cf2___Rutg._HL 3693.JPG,1,1,True,0.99605596,0.0039440934,0.99605596
a94a399a6f764c9c19f852e41de30a18,PV_data/Peach___healthy/78547e85-d160-4cf4-8568-3315c6743c19___Rutg._HL 3611.JPG,1,1,True,0.9993234,0.0006765188,0.9993234
b183cd3c11ab3f9c01d99a01937a2624,PV_data/Peach___healthy/7c443efd-1807-46fc-9b6b-53d8b9793838___Rutg._HL 2417.JPG,1,1,True,0.9999522,4.7782603e-05,0.9999522
341ee6f1ee6016ed3c0068e442f7f516,PV_data/Peach___healthy/7d1027e6-4158-4b29-b0cd-874e4161dd05___Rutg._HL 2486.JPG,1,1,True,0.9999937,6.3281627e-06,0.9999937
64630fa7714f13a8b07361773a36719a,PV_data/Peach___healthy/7e061c71-32f9-4682-8c7e-c1cd2833085a___Rutg._HL 2397.JPG,1,1,True,0.9999995,4.514409e-07,0.9999995
67b0c6ffc411f06d4bc33c7443ca480c,PV_data/Peach___healthy/7e3ee17b-8148-4c3a-a129-529ab261aa62___Rutg._HL 3676.JPG,1,1,True,0.9999999,1.6257943e-07,0.9999999
f091936ad16862ea7db85d2977b60926,PV_data/Peach___healthy/824f0af1-4855-4c40-a0f6-c54578362008___Rutg._HL 3634.JPG,1,1,True,0.9990513,0.000948727,0.9990513
c2e7428ed83e02e46a7169be66edb09e,PV_data/Peach___healthy/8de800f8-e03b-4cc9-8f49-bb7421bd2698___Rutg._HL 3735.JPG,1,1,True,0.98903567,0.010964292,0.98903567
80f8408f77c5243511f1a57bde9c4e11,PV_data/Peach___healthy/92330542-da73-46c4-888d-5a42714366d7___Rutg._HL 3559.JPG,1,1,True,0.99889165,0.0011084034,0.99889165
48c22d65f62f62a4396c9db9fce2dc93,PV_data/Peach___healthy/a7e0201e-9d8a-43b5-8118-2b6d1e203ba3___Rutg._HL 2420.JPG,1,1,True,0.9999988,1.186526e-06,0.9999988
2f830e8a530531ea9beab472a77c8c92,PV_data/Peach___healthy/a7f8cef3-6a9f-4bc3-8846-1efce8363829___Rutg._HL 2440.JPG,1,1,True,0.99974984,0.00025014335,0.99974984
503b994f861a9edb08bb759db1d8a195,PV_data/Peach___healthy/abe034fc-a97d-4726-9d7c-13eff2ebce17___Rutg._HL 3683.JPG,1,1,True,0.9954211,0.0045788647,0.9954211
aca1f0ff20aaeca49d9673c668b1d311,PV_data/Peach___healthy/aed39419-1163-4470-a0c4-d6f4e1a7ee66___Rutg._HL 3615.JPG,1,1,True,0.9999218,7.825157e-05,0.9999218
525dbec053f598ad9318a616c10554f2,PV_data/Peach___healthy/b182f03d-3b0c-4226-86fc-ca246937c7cc___Rutg._HL 3752.JPG,1,1,True,0.99999905,9.935444e-07,0.99999905
38d95006b5b10525d4f6d2b1f1d8912d,PV_data/Peach___healthy/b6b70c6d-6b81-4608-a62f-f32f6b370360___Rutg._HL 2428.JPG,1,1,True,0.999982,1.801043e-05,0.999982
9573ae3ebc533cc9dc10eb646bf907c1,PV_data/Peach___healthy/cb8cd328-b395-43f1-a392-664272c8c248___Rutg._HL 3519.JPG,1,1,True,0.99998105,1.893208e-05,0.99998105
5422132247b0c4b2bd00fa4d548caeea,PV_data/Peach___healthy/d0eab616-ab40-476c-ba29-bea7973610f3___Rutg._HL 2445.JPG,1,1,True,0.999925,7.495351e-05,0.999925
9d19d3e137acdb88462b927be4a60f00,PV_data/Peach___healthy/d18f20af-448a-41d9-bc72-c47675f20457___Rutg._HL 3594.JPG,1,1,True,0.9989115,0.0010884507,0.9989115
1738a1a9876cbbc88d7d7edfab08830e,PV_data/Peach___healthy/d4135e72-f37e-480c-8e8d-318c8f559302___Rutg._HL 3756.JPG,1,1,True,1.0,9.242279e-09,1.0
cb1bf02cde8209979c9b713b643dea3e,PV_data/Peach___healthy/d6248627-9a42-424d-95d3-ca56eb076206___Rutg._HL 3629.JPG,1,1,True,0.9998599,0.00014000204,0.9998599
2d47ce63ed1abc33b81679bd2f3930c3,PV_data/Peach___healthy/dc20630c-16e6-4ab0-ad53-49645b413c94___Rutg._HL 3733.JPG,1,1,True,0.99999595,4.1124936e-06,0.99999595
640f6315a1f3f14ffab79fe2a703003e,PV_data/Peach___healthy/dc245e5d-5808-42a5-94fc-082aa90f6ca8___Rutg._HL 3581.JPG,1,1,True,0.86025965,0.13974032,0.86025965
250f7ea92ee30ec6dcee43a1abc16ef9,PV_data/Peach___healthy/e48da91f-7a30-47ca-a7cb-1e456f94b4de___Rutg._HL 3680.JPG,1,1,True,0.9999865,1.349401e-05,0.9999865
a124dcc584aa524f55507211333cea33,PV_data/Peach___healthy/e7e532ec-6d7f-4c2a-9687-c8b4843048b0___Rutg._HL 2404.JPG,1,1,True,0.99993086,6.9142996e-05,0.99993086
1f58741174e7a7916fd1c63f9f889c23,PV_data/Peach___healthy/e96a7083-0d41-4888-8f03-147729559c2e___Rutg._HL 3713.JPG,1,1,True,0.94118685,0.058813125,0.94118685
29765ff7d845cff3ec568b1b008186b0,PV_data/Peach___healthy/f97eaae1-7349-45e6-8002-411a34cb2f8f___Rutg._HL 3586.JPG,1,1,True,0.9996844,0.0003155521,0.9996844
13eaa67d6d47ba809e1d3962dde8fc45,PV_data/Peach___healthy/f9abf8f6-7783-473c-81d2-a84dba013d3e___Rutg._HL 2500.JPG,1,1,True,0.9993592,0.000640813,0.9993592
bc32a893401d2b492fbbdd4c64c3432a,PV_data/Peach___healthy/fcec3f5b-0a84-4635-abc6-a2bc6464de6d___Rutg._HL 3644.JPG,1,1,True,0.965996,0.03400399,0.965996
71228f6949d65a02528aa637016132df,PV_data/Peach___healthy/fd40d2b0-c139-4661-973f-7c5ee06a55a2___Rutg._HL 3597.JPG,1,1,True,0.7268765,0.2731235,0.7268765
