image_id,path,y_true,y_pred,correct,confidence,prob_Powdery_mildew,prob_healthy
49d2ce43b1ae9b6d207cc228475ee6a9,PV_data/Cherry_(including_sour)___Powdery_mildew/00b7df55-c789-43d6-a02e-a579ac9d07e6___FREC_Pwd.M 4748.JPG,0,0,True,0.9999924,0.9999924,7.6119773e-06
4ee42867076a4700a9e96b3978590bc7,PV_data/Cherry_(including_sour)___Powdery_mildew/02d6722b-1f47-4f11-b831-be4bba26b158___FREC_Pwd.M 4593.JPG,0,0,True,0.9999999,0.9999999,8.4547715e-08
53760cb52d6ab5e7eed60a11d39267d0,PV_data/Cherry_(including_sour)___Powdery_mildew/02d6c81a-c5dc-4b29-848a-7a0b8c42e5ed___FREC_Pwd.M 4699.JPG,0,0,True,0.9999999,0.9999999,6.516664e-08
b6c3e20c7681d994809eaebe5b907fcd,PV_data/Cherry_(including_sour)___Powdery_mildew/04a35542-f567-4ad4-a97f-f472d21d30dd___FREC_Pwd.M 4471.JPG,0,0,True,1.0,1.0,8.803028e-09
1fd87a78369f842e12c16ddd2f8bb3b5,PV_data/Cherry_(including_sour)___Powdery_mildew/04fa8868-8ba4-465a-85ce-9f9b114f97b5___FREC_Pwd.M 4568.JPG,0,0,True,0.999599,0.999599,0.00040095721
4fb77c4f3f6851473e09696516e33318,PV_data/Cherry_(including_sour)___Powdery_mildew/0711a85e-1e8f-47a3-a9ce-841af3f77544___FREC_Pwd.M 0497.JPG,0,0,True,1.0,1.0,2.1770255e-12
5b1ecb7905a6719bfcdb0aeb559faf5e,PV_data/Cherry_(including_sour)___Powdery_mildew/080a25a5-9b62-4fa7-b7fe-44fef2750e0c___FREC_Pwd.M 4673.JPG,0,0,True,0.99999094,0.99999094,9.04215e-06
5d020216af9c35dfac19b9bb6b57f65c,PV_data/Cherry_(including_sour)___Powdery_mildew/081459be-800b-428c-a45e-3431c10fab63___FREC_Pwd.M 5140.JPG,0,0,True,0.9999907,0.9999907,9.285142e-06
9cd2ac516cd6797253338781268f37da,PV_data/Cherry_(including_sour)___Powdery_mildew/085f167e-2fef-46e1-8518-ca4e555b59a3___FREC_Pwd.M 4488.JPG,0,0,True,0.99255353,0.99255353,0.007446395
94ae4479b25aa286bf78f50cbc5ba6ba,PV_data/Cherry_(including_sour)___Powdery_mildew/0ac12d2d-a98c-4e25-b715-94e7579a98f1___FREC_Pwd.M 4887.JPG,0,0,True,1.0,1.0,1.0636135e-08
a43ca943143dae5500c6b8f392204092,PV_data/Cherry_(including_sour)___Powdery_mildew/0b1da03f-3c6e-4977-96b7-6460433168b8___FREC_Pwd.M 5137.JPG,0,0,True,0.9999995,0.9999995,5.3318547e-07
78fe19bfebf67140dad7554051412807,PV_data/Cherry_(including_sour)___Powdery_mildew/0be76485-a2bd-4f71-9735-ccec7d440de9___FREC_Pwd.M 0295.JPG,0,0,True,1.0,1.0,1.1232968e-08
d42a2cb9bea392629025f88c72675aa6,PV_data/Cherry_(including_sour)___Powdery_mildew/0df55dba-60e0-44e6-b64a-1f4d9a1377fd___FREC_Pwd.M 0527.JPG,0,0,True,0.9999995,0.9999995,4.6281076e-07
18b61150897d350b7519d1186ae5e40c,PV_data/Cherry_(including_sour)___Powdery_mildew/105aa4f9-1ff7-43a4-b350-d1f7916cdc6f___FREC_Pwd.M 4963.JPG,0,0,True,1.0,1.0,2.7346974e-09
e0fad37854b993125b94e6df2a53b72a,PV_data/Cherry_(including_sour)___Powdery_mildew/10729db2-3c76-406c-921a-90efaac37016___FREC_Pwd.M 0293.JPG,0,0,True,1.0,1.0,5.8717507e-08
6044c1047fe2e5866967f9f8a077ea7a,PV_data/Cherry_(including_sour)___Powdery_mildew/119ee0ba-5aec-455d-9ce7-cfc7dae1b39d___FREC_Pwd.M 4542.JPG,0,0,True,1.0,1.0,1.3057663e-08
3585966836e39ca23a75bff705282161,PV_data/Cherry_(including_sour)___Powdery_mildew/167d6c02-d49c-4571-b9b8-6d77be09dfb4___FREC_Pwd.M 0256.JPG,0,0,True,0.99991834,0.99991834,8.159702e-05
100c75ce7f06db3a1e2969a2fa8d6d2c,PV_data/Cherry_(including_sour)___Powdery_mildew/177ebecc-dcdc-4d9f-8949-cb47b4473730___FREC_Pwd.M 4709.JPG,0,0,True,1.0,1.0,1.05896465e-10
929d8a1e6c8ca73362f5583822aac2e4,PV_data/Cherry_(including_sour)___Powdery_mildew/182a4f7e-026f-4f73-a3a6-3345b9f82840___FREC_Pwd.M 4691.JPG,0,0,True,1.0,1.0,1.2620077e-08
27ec3de9da38fe40c993948d0102b68d,PV_data/Cherry_(including_sour)___Powdery_mildew/1bbbffe8-ebdd-497c-b8ed-d90ad1a901e8___FREC_Pwd.M 4755.JPG,0,0,True,0.99994767,0.99994767,5.237924e-05
d9c0757a86c1ad85bdb3df528b762cae,PV_data/Cherry_(including_sour)___Powdery_mildew/1bfcf3d6-6103-4e03-acc5-a19127a4d60e___FREC_Pwd.M 0494.JPG,0,0,True,1.0,1.0,4.1556177e-08
58ada8b18985d9833344654a7f2eb0f3,PV_data/Cherry_(including_sour)___Powdery_mildew/1d9a02a1-60f6-430f-aef2-5db080ad7f32___FREC_Pwd.M 4993.JPG,0,0,True,0.9999995,0.9999995,4.3133898e-07
fe463f749a0bb9b727dc4dd35216cc72,PV_data/Cherry_(including_sour)___Powdery_mildew/1e9cbbdb-4760-4218-881c-9ef0c25e396c___FREC_Pwd.M 5054.JPG,0,0,True,0.9998902,0.9998902,0.000109740016
34c38e3162ccbdc3466078a70ad62c1c,PV_data/Cherry_(including_sour)___Powdery_mildew/1ec4000c-0a5a-4a9c-8af8-986421967119___FREC_Pwd.M 4529.JPG,0,0,True,0.9999995,0.9999995,4.8418923e-07
5d8b36902352897492099035bc06fe49,PV_data/Cherry_(including_sour)___Powdery_mildew/1f58631e-fd2c-4a0f-8cea-bc8a9feee0eb___FREC_Pwd.M 0285.JPG,0,0,True,0.99999285,0.99999285,7.181288e-06
bb917c6de5d9c95cedf8b6993df24ff0,PV_data/Cherry_(including_sour)___Powdery_mildew/20b3dbf2-058a-4b8c-8c1d-202b60da82f6___FREC_Pwd.M 0406.JPG,0,0,True,0.9999976,0.9999976,2.4026308e-06
08f245eb5429c8a645cdf6bb2fd467cc,PV_data/Cherry_(including_sour)___Powdery_mildew/230895ef-e471-4e5a-bde2-38b53729f3ee___FREC_Pwd.M 4598.JPG,0,0,True,0.9999995,0.9999995,4.456219e-07
0abc411d24e83e829f79b64689285cbd,PV_data/Cherry_(including_sour)___Powdery_mildew/245733d5-60d3-4db2-8843-134b973b6e6b___FREC_Pwd.M 4665.JPG,0,0,True,1.0,1.0,4.8665943e-10
0ebc61b9c032d61c96a4526b2f3efac4,PV_data/Cherry_(including_sour)___Powdery_mildew/25369852-ce99-4d86-8b53-6b7553f91aac___FREC_Pwd.M 4564.JPG,0,0,True,0.9999244,0.9999244,7.555501e-05
cd056d073f067db50e27822c3dfa43d5,PV_data/Cherry_(including_sour)___Powdery_mildew/261f74c4-437a-49a1-8039-a04f6ee6e986___FREC_Pwd.M 4819.JPG,0,0,True,1.0,1.0,3.285515e-08
13519881a9ce616efd9b86cf02606275,PV_data/Cherry_(including_sour)___Powdery_mildew/26dc2692-b056-4e8b-99c5-05ebd249718a___FREC_Pwd.M 4578.JPG,0,0,True,1.0,1.0,3.0668208e-08
1db0711c3d9eac5672f714a1fbac4d94,PV_data/Cherry_(including_sour)___Powdery_mildew/26fb02d8-2009-475e-8a92-ec576e757205___FREC_Pwd.M 4736.JPG,0,0,True,0.99936074,0.99936074,0.0006393041
5ee7e2edb54f90f4f76fa80267837fed,PV_data/Cherry_(including_sour)___Powdery_mildew/2b61ad8d-5292-4ac0-aced-1c295a38e2d0___FREC_Pwd.M 0427.JPG,0,0,True,0.9999999,0.9999999,1.0825312e-07
29be72b5cad4f44af6f2465fb91599ae,PV_data/Cherry_(including_sour)___Powdery_mildew/2b80f0a1-6e46-44ab-b87f-313cdf377280___FREC_Pwd.M 4822.JPG,0,0,True,1.0,1.0,4.074477e-09
bfa1c5290311f589f8f69de9d2c82bb7,PV_data/Cherry_(including_sour)___Powdery_mildew/2c9735ee-ac5b-4312-8956-beadb239456f___FREC_Pwd.M 4527.JPG,0,0,True,1.0,1.0,5.1273744e-08
9dbbd1e402a1df4f28e20101c4912176,PV_data/Cherry_(including_sour)___Powdery_mildew/2e013069-b7c5-4fa1-a425-4a8ec53f6e07___FREC_Pwd.M 4886.JPG,0,0,True,0.99999213,0.99999213,7.850012e-06
d1c2971b994b83c2c5fdd96b2620e2c9,PV_data/Cherry_(including_sour)___Powdery_mildew/2efa6588-be35-4f92-b347-e42056d1b98a___FREC_Pwd.M 5003.JPG,0,0,True,1.0,1.0,4.9840505e-08
ca014f02cad40d32754845c97aff8e2d,PV_data/Cherry_(including_sour)___Powdery_mildew/2f2fdc52-8420-41d1-ab72-320a99c27537___FREC_Pwd.M 5101.JPG,0,0,True,1.0,1.0,2.2318426e-08
7bba808fbe94f47cc7706842465dba2c,PV_data/Cherry_(including_sour)___Powdery_mildew/31f275aa-0701-4a56-b9df-16e5ee852b4a___FREC_Pwd.M 4674.JPG,0,0,True,0.9999858,0.9999858,1.4234902e-05
7aeacd73ebbfa2c2d1f897896cf5a12f,PV_data/Cherry_(including_sour)___Powdery_mildew/3241ea49-4272-490b-95d5-6797a3aea739___FREC_Pwd.M 0408.JPG,0,0,True,1.0,1.0,4.181538e-08
45168d7344d2d7e22d5a1afcb40f3a20,PV_data/Cherry_(including_sour)___Powdery_mildew/327470f8-b708-4976-b2fa-873da3ef6b39___FREC_Pwd.M 0319.JPG,0,0,True,0.9997746,0.9997746,0.00022542191
bdc3697777f6620f673ed824ebd5bece,PV_data/Cherry_(including_sour)___Powdery_mildew/32caa2e2-5e11-4c70-be6c-118f3599b910___FREC_Pwd.M 4901.JPG,0,0,True,1.0,1.0,2.6069542e-09
368626aff5a14226e37c1b5bcb56ee75,PV_data/Cherry_(including_sour)___Powdery_mildew/339f6950-ae1f-4907-aaf1-ef0652c8756e___FREC_Pwd.M 0530.JPG,0,0,True,0.9999988,0.9999988,1.1426672e-06
1655b9ecd150498222189a98098ba418,PV_data/Cherry_(including_sour)___Powdery_mildew/34ef9fe3-385a-49a0-981d-483175edfcd1___FREC_Pwd.M 5161.JPG,0,0,True,0.99935883,0.99935883,0.000641201
8972d0d1f4692aa26082ad3dbcccb765,PV_data/Cherry_(including_sour)___Powdery_mildew/3889d54c-d40e-4663-bef0-d2df478ee413___FREC_Pwd.M 0374.JPG,0,0,True,0.9999993,0.9999993,7.5915455e-07
979c447c6524533f4cfde4aafd33d1be,PV_data/Cherry_(including_sour)___Powdery_mildew/39f93ec3-f932-4640-a888-2e3d4d6a568d___FREC_Pwd.M 4860.JPG,0,0,True,1.0,1.0,6.3216605e-09
7bdac93ad06988249862a4241522b016,PV_data/Cherry_(including_sour)___Powdery_mildew/3a043be9-9ea9-4017-9ebc-1a10084dbe08___FREC_Pwd.M 0388.JPG,0,0,True,0.9999987,0.9999987,1.281501e-06
041de47a96d3bd1bc873d61f4d7832e3,PV_data/Cherry_(including_sour)___Powdery_mildew/405eb186-3a7e-4160-896b-b23b25d06548___FREC_Pwd.M 4669.JPG,0,0,True,0.999992,0.999992,8.044004e-06
7a77fe61895c30d608d1e54821bd5569,PV_data/Cherry_(including_sour)___Powdery_mildew/43ed2a9b-8f85-4a79-b830-bbbeba856e79___FREC_Pwd.M 4498.JPG,0,0,True,0.99461585,0.99461585,0.0053841206
0f2b2b9e7f44a935d70f4c97aa897dff,PV_data/Cherry_(including_sour)___Powdery_mildew/4b177f1c-adfe-4a47-8c95-f03d5ffac8f3___FREC_Pwd.M 4847.JPG,0,0,True,1.0,1.0,1.7481443e-09
6d3e03a60e84e7ca6c15475036897b84,PV_data/Cherry_(including_sour)___Powdery_mildew/4cb98a3a-3fb9-46a6-9c39-9d9f4c13ef9f___FREC_Pwd.M 0461.JPG,0,0,True,1.0,1.0,4.6915755e-08
ee234a8a52dd8c547ca0ab5f0df8e272,PV_data/Cherry_(including_sour)___Powdery_mildew/4f75ddb3-f360-4d18-9d1b-f3fe7ffc1798___FREC_Pwd.M 4595.JPG,0,0,True,0.9999999,0.9999999,6.852684e-08
0d3239d5a9c3a6f2c326b1d511f01f4f,PV_data/Cherry_(including_sour)___Powdery_mildew/50acb035-381b-46f2-83df-853cb40a9d25___FREC_Pwd.M 4869.JPG,0,0,True,0.9998168,0.9998168,0.00018313785
1bc7ab8d9c59c4cddf01598f0c15e9da,PV_data/Cherry_(including_sour)___Powdery_mildew/52fdca01-c6e8-4903-a8ff-c9825071e6d2___FREC_Pwd.M 0283.JPG,0,0,True,0.9999995,0.9999995,5.157664e-07
ca9c96f73726121a26d9469498e86dbf,PV_data/Cherry_(including_sour)___Powdery_mildew/5588e2ce-bc1e-4ce0-8392-6bfa40d334d5___FREC_Pwd.M 4671.JPG,0,0,True,0.9999889,0.9999889,1.1134651e-05
ef304143792165989a9de874d1d69757,PV_data/Cherry_(including_sour)___Powdery_mildew/55ea082c-7aec-4a9a-9181-afad1a342959___FREC_Pwd.M 4492.JPG,0,0,True,0.99999154,0.99999154,8.507882e-06
4c7f1afcea4e02b358c3da9b4483fefe,PV_data/Cherry_(including_sour)___Powdery_mildew/5627316e-8d75-4b66-a790-02a6845a33a4___FREC_Pwd.M 4482.JPG,0,0,True,0.99999845,0.99999845,1.5166343e-06
869c63ad108b3cd37759cc214d0dda06,PV_data/Cherry_(including_sour)___Powdery_mildew/563b4d04-b28c-416c-8469-dc0ea1fdafd4___FREC_Pwd.M 5143.JPG,0,0,True,0.99999917,0.99999917,8.847156e-07
0487b1b5bcccd0682fe655dd039e6c02,PV_data/Cherry_(including_sour)___Powdery_mildew/570b41af-d7c0-4ef0-a403-0824a2f4d408___FREC_Pwd.M 5018.JPG,0,0,True,0.99999964,0.99999964,3.2155586e-07
268cde1b4cc007add95957e1734e37d1,PV_data/Cherry_(including_sour)___Powdery_mildew/574742c2-224c-4b29-b2bf-d24de5a631a6___FREC_Pwd.M 4817.JPG,0,0,True,1.0,1.0,2.7414734e-11
cff6fccb374cb67708be6c3b7f380157,PV_data/Cherry_(including_sour)___Powdery_mildew/581c8e0d-54e0-4a4e-937d-919d0b914c9b___FREC_Pwd.M 0371.JPG,0,0,True,0.9999969,0.9999969,3.1252475e-06
53717846accd223ae3170a21dccd3e73,PV_data/Cherry_(including_sour)___Powdery_mildew/58d680f4-c586-47d0-98a6-0e89ad4f8ff2___FREC_Pwd.M 0401.JPG,0,0,True,1.0,1.0,2.1340867e-09
817a8d5be3daaa4d5ab93fdfbbf88860,PV_data/Cherry_(including_sour)___Powdery_mildew/596a3002-0685-4b75-a782-1ed69092f23c___FREC_Pwd.M 4654.JPG,0,0,True,0.99984694,0.99984694,0.00015306055
2468b58e8c5efb9ebf5e341a5e45ad14,PV_data/Cherry_(including_sour)___Powdery_mildew/5aa2ca92-de44-41cc-97c1-3a622d885337___FREC_Pwd.M 4490.JPG,0,0,True,0.94725895,0.94725895,0.052741017
64d4667120686961679d699715a8a3f9,PV_data/Cherry_(including_sour)___Powdery_mildew/5bff6ee9-60ba-46d9-82a6-637458ebb8b0___FREC_Pwd.M 0483.JPG,0,0,True,0.99999726,0.99999726,2.783864e-06
bdea8c57d7509c03d91083cdec3b67c5,PV_data/Cherry_(including_sour)___Powdery_mildew/5e6bb1b9-d851-4300-995f-fc2121288e5d___FREC_Pwd.M 5068.JPG,0,0,True,1.0,1.0,1.8027446e-10
cbfa775f9e0b6d5397e8279cd8b269db,PV_data/Cherry_(including_sour)___Powdery_mildew/5ec8805d-ee83-4bcc-a76f-e6bfbeed7a71___FREC_Pwd.M 5158.JPG,0,0,True,0.91414624,0.91414624,0.08585378
51e312e57ac1f6e4fa78740f3ff05155,PV_data/Cherry_(including_sour)___Powdery_mildew/61a751d7-e1fe-433a-b86e-00febef2bb7e___FREC_Pwd.M 4945.JPG,0,0,True,0.99999917,0.99999917,8.262555e-07
73bf5023b40dfbe17e3559398c2bc22d,PV_data/Cherry_(including_sour)___Powdery_mildew/63009443-982d-4280-a402-c764c0d04420___FREC_Pwd.M 4790.JPG,0,0,True,1.0,1.0,4.8015877e-08
eca6494f583d35309ce4ec1eef2be30f,PV_data/Cherry_(including_sour)___Powdery_mildew/63ca2f3f-c6aa-463e-b74a-23e328637043___FREC_Pwd.M 5109.JPG,0,0,True,0.99999976,0.99999976,2.3359601e-07
ff7d380aa5061085087cdbdfdb7653d5,PV_data/Cherry_(including_sour)___Powdery_mildew/66175365-07ce-4b17-af32-5eb54e2266b5___FREC_Pwd.M 4853.JPG,0,0,True,0.9998865,0.9998865,0.00011344599
a09034e4df233649935cc126f34229a0,PV_data/Cherry_(including_sour)___Powdery_mildew/6881e24e-2702-4f68-8dd1-13120bc48e9d___FREC_Pwd.M 0440.JPG,0,0,True,0.9999994,0.9999994,5.3709925e-07
1a0218ba3dd7456931320e13ce431f6d,PV_data/Cherry_(including_sour)___Powdery_mildew/6c02f514-7059-4071-8752-4e970ccb4f2e___FREC_Pwd.M 4878.JPG,0,0,True,0.9968669,0.9968669,0.0031331573
c045cf9e108c6d2456df2715e0ae147d,PV_data/Cherry_(including_sour)___Powdery_mildew/6cbf80f1-614a-4212-bb74-a926405d3898___FREC_Pwd.M 0286.JPG,0,0,True,0.99981964,0.99981964,0.00018035375
8b706b83a029cf37666f1019b12f0acb,PV_data/Cherry_(including_sour)___Powdery_mildew/6d700706-12f6-40a3-b293-699aabce7ba0___FREC_Pwd.M 0288.JPG,0,0,True,0.9985353,0.9985353,0.0014647341
ef395283e73b43abcaf233610c959104,PV_data/Cherry_(including_sour)___Powdery_mildew/6eb582da-cba3-44e1-832b-d8ef8526851a___FREC_Pwd.M 4774.JPG,0,1,False,0.5538771,0.44612297,0.5538771
a9767c0b7aaf3867e3516a167988220e,PV_data/Cherry_(including_sour)___Powdery_mildew/6f54b2ab-ab60-49a6-a203-bc273bbfc17e___FREC_Pwd.M 4733.JPG,0,0,True,0.99999976,0.99999976,2.796389e-07
2318deb5d30e84d7be42f7ddddde36e9,PV_data/Cherry_(including_sour)___Powdery_mildew/7153bd0f-847f-40a5-9252-cf1d2e0426c4___FREC_Pwd.M 4666.JPG,0,0,True,0.9984108,0.9984108,0.0015891319
462d188dc0f6ddf6d0e2a29b7a460d9f,PV_data/Cherry_(including_sour)___Powdery_mildew/71bcd3c5-95d6-4b6f-88dc-c8dcbf49e6ed___FREC_Pwd.M 4650.JPG,0,0,True,0.9999919,0.9999919,8.119877e-06
35b850059c64c6d5a580a8025e1083ab,PV_data/Cherry_(including_sour)___Powdery_mildew/722fc94f-8b5b-47cc-9a9a-63c874a814b4___FREC_Pwd.M 4906.JPG,0,0,True,0.99999034,0.99999034,9.7104585e-06
ab64ff34b6280aa6a9f84e1deff2cd92,PV_data/Cherry_(including_sour)___Powdery_mildew/72d335eb-b2fc-4808-ba4a-94f1178f9c54___FREC_Pwd.M 0413.JPG,0,0,True,0.9999995,0.9999995,4.74739e-07
5c3c9f950582806522dd5e75777d6bd6,PV_data/Cherry_(including_sour)___Powdery_mildew/7395ef22-f4fa-41de-8b01-adf1980a7882___FREC_Pwd.M 4497.JPG,0,0,True,0.99749905,0.99749905,0.0025009234
8ff4db13f80d013a9004d74cdd9c4b26,PV_data/Cherry_(including_sour)___Powdery_mildew/7665ae36-28ec-4350-9798-89b4a32e32a8___FREC_Pwd.M 5124.JPG,0,0,True,0.99999964,0.99999964,3.3819626e-07
ef6ed832a7f8baf4f93908e948804db5,PV_data/Cherry_(including_sour)___Powdery_mildew/76d8c7b8-2091-48bd-b169-37f3c739cc89___FREC_Pwd.M 4877.JPG,0,0,True,0.99985826,0.99985826,0.00014169129
9c6b105991cc4b936773e393f2644eb7,PV_data/Cherry_(including_sour)___Powdery_mildew/783e28d7-3b7f-4b9c-81a0-99218f2d3f84___FREC_Pwd.M 4833.JPG,0,0,True,0.99997866,0.99997866,2.1363401e-05
d0818c940967feb1d7f334d373fadcab,PV_data/Cherry_(including_sour)___Powdery_mildew/7899bce2-cd7e-4f46-b636-a7b350d2c9cb___FREC_Pwd.M 4585.JPG,0,0,True,1.0,1.0,3.3209545e-08
628cf86d405ecc07329b32c070b6225c,PV_data/Cherry_(including_sour)___Powdery_mildew/78a912be-4a06-43c3-ac79-876b1a0f7c9f___FREC_Pwd.M 5072.JPG,0,0,True,0.99999964,0.99999964,3.01178e-07
ca5e7e9b3cbf2bb61fff3ac756b3fbf8,PV_data/Cherry_(including_sour)___Powdery_mildew/7d22a800-a720-4f93-9209-7dee8313f42c___FREC_Pwd.M 0272.JPG,0,0,True,0.9999981,0.9999981,1.9142597e-06
4fb058b4c70a4693836648b976e97b2e,PV_data/Cherry_(including_sour)___Powdery_mildew/7e573bd3-4a2d-4da4-a455-1232321bbc87___FREC_Pwd.M 4524.JPG,0,0,True,1.0,1.0,3.6112329e-09
d42aeeb8503d64ef2f82732a8a67c304,PV_data/Cherry_(including_sour)___Powdery_mildew/7fdf71f5-9de9-4a09-b8e4-a20d15c9b9af___FREC_Pwd.M 0417.JPG,0,0,True,0.9999999,0.9999999,1.7383108e-07
cf84d394443d88982ad9c58c18de97e5,PV_data/Cherry_(including_sour)___Powdery_mildew/835aa390-f0a2-490f-9d55-ddd320dbd528___FREC_Pwd.M 0452.JPG,0,0,True,0.9999994,0.9999994,5.751199e-07
d17aaaf379976b5bc2beb438581dfebe,PV_data/Cherry_(including_sour)___Powdery_mildew/84270d70-0871-497f-9f9c-dc496d6c8640___FREC_Pwd.M 0454.JPG,0,0,True,1.0,1.0,9.0476e-11
244278dec239896f5eb33371c141b412,PV_data/Cherry_(including_sour)___Powdery_mildew/85447316-1260-4088-9121-3b1d69c533f1___FREC_Pwd.M 5141.JPG,0,0,True,0.9999995,0.9999995,4.4318494e-07
370ca82a3a99f68523f6da739065e1fe,PV_data/Cherry_(including_sour)___Powdery_mildew/87b1168d-39cf-4e31-966b-53a9fc8b8917___FREC_Pwd.M 4956.JPG,0,0,True,0.9999726,0.9999726,2.7414457e-05
2f055ed6cd2875914aadeb5523625271,PV_data/Cherry_(including_sour)___Powdery_mildew/88396555-c8fa-4750-8d0c-b3034960c63c___FREC_Pwd.M 4811.JPG,0,0,True,0.99999774,0.99999774,2.2193744e-06
76d1d50fbe707f62fb70e69eb3161103,PV_data/Cherry_(including_sour)___Powdery_mildew/898a840a-b4a5-4f12-830b-434e07538b2e___FREC_Pwd.M 4649.JPG,0,0,True,0.99997926,0.99997926,2.0795542e-05
aed988bc71f610315333b8213d2e95e8,PV_data/Cherry_(including_sour)___Powdery_mildew/8a07cd65-72a0-4b6f-a393-7e2d3e3274d0___FREC_Pwd.M 4737.JPG,0,0,True,1.0,1.0,1.600655e-08
a0cb71373d94a8bcd8c0c285cba0b676,PV_data/Cherry_(including_sour)___Powdery_mildew/8a3e2835-651b-4e81-8f39-60ac46db2962___FREC_Pwd.M 4897.JPG,0,0,True,1.0,1.0,1.2580519e-08
bd5c2f87477fb4fab9cf9860a6023320,PV_data/Cherry_(including_sour)___Powdery_mildew/8ad6e23a-7ad5-47a7-a2e3-55655ef64ccd___FREC_Pwd.M 4461.JPG,0,0,True,0.99999976,0.99999976,2.4465808e-07
c4bcd20f1d48d2f696577185c556f0db,PV_data/Cherry_(including_sour)___Powdery_mildew/902ca277-0bba-4a6d-a685-c5b1aa8fa4ec___FREC_Pwd.M 0448.JPG,0,0,True,0.9999908,0.9999908,9.229929e-06
0b86870b9fcc99c2d6ea84b5fa2a1bfc,PV_data/Cherry_(including_sour)___Powdery_mildew/910283ff-e130-48c1-9a7d-a379a90e8bf4___FREC_Pwd.M 0381.JPG,0,0,True,0.99997795,0.99997795,2.2102304e-05
6bb68d5940f39a064c60a4f2afd0f4da,PV_data/Cherry_(including_sour)___Powdery_mildew/94ebc82a-0f50-4fcd-a3e7-a10b5c844781___FREC_Pwd.M 4484.JPG,0,0,True,0.99976104,0.99976104,0.00023890793
c09d86cfbfa5000aab5661e02f4e0df5,PV_data/Cherry_(including_sour)___Powdery_mildew/95dbe9f1-ea94-4b3b-9ae4-5ee670226eee___FREC_Pwd.M 4829.JPG,0,0,True,0.9990102,0.9990102,0.0009898173
819469272edb97a5e9b11206dea72af8,PV_data/Cherry_(including_sour)___Powdery_mildew/9772d53b-c48b-472c-86cb-24d0de2446a6___FREC_Pwd.M 0327.JPG,0,0,True,0.98364025,0.98364025,0.01635973
db936af93d4b216bed440c54931f9e97,PV_data/Cherry_(including_sour)___Powdery_mildew/98d9907e-a81b-4f0f-b282-e5736aa29eb1___FREC_Pwd.M 4573.JPG,0,0,True,0.99994874,0.99994874,5.1199127e-05
fca662131fca8fb5f38203d046c71591,PV_data/Cherry_(including_sour)___Powdery_mildew/9d9c0c1a-fd2b-4563-b5c6-e393e4fd8b09___FREC_Pwd.M 4803.JPG,0,0,True,1.0,1.0,2.392902e-08
970a783cc16eb1931b595ae380082bec,PV_data/Cherry_(including_sour)___Powdery_mildew/a24067ad-f2ad-469a-ad73-033aa1bdbc51___FREC_Pwd.M 4859.JPG,0,0,True,0.99999404,0.99999404,5.97125e-06
8bb4ab63856e54b4cad800fa963b857f,PV_data/Cherry_(including_sour)___Powdery_mildew/a2bf26c3-9f0b-4b47-be11-ab058cc9a133___FREC_Pwd.M 5165.JPG,0,0,True,1.0,1.0,6.1262058e-09
f69b0f1eed8ee99a2777847c8c30baad,PV_data/Cherry_(including_sour)___Powdery_mildew/a311fa97-e506-4f95-85ee-eb23c01f8cfd___FREC_Pwd.M 4795.JPG,0,0,True,0.9999999,0.9999999,1.6183921e-07
35d0ceed0ffa1a2d730a74292437c7db,PV_data/Cherry_(including_sour)___Powdery_mildew/a3a004e2-e93b-4064-a9ed-636f58db4e49___FREC_Pwd.M 5029.JPG,0,0,True,0.9999999,0.9999999,6.3865016e-08
65616030ed15a5e61b62c3fdd65534cc,PV_data/Cherry_(including_sour)___Powdery_mildew/a5fa9413-8503-4da7-8845-345402c4004f___FREC_Pwd.M 4861.JPG,0,0,True,0.99999976,0.99999976,1.8633403e-07
5aa1e3d011b53fa46a0b7418ab77756e,PV_data/Cherry_(including_sour)___Powdery_mildew/a726864c-cd52-4dde-818b-7b79b6ce2f0e___FREC_Pwd.M 4915.JPG,0,0,True,1.0,1.0,1.46102e-08
8b561826487135d1b9da687d9f3ce540,PV_data/Cherry_(including_sour)___Powdery_mildew/a80d12ff-1263-4196-87eb-1634495fc7a7___FREC_Pwd.M 0382.JPG,0,0,True,0.9999939,0.9999939,6.053033e-06
ccd7c8f812db3fab1fda919ff8b752b4,PV_data/Cherry_(including_sour)___Powdery_mildew/a8532f9d-c6c3-44e4-9278-c7350c4adb09___FREC_Pwd.M 0526.JPG,0,0,True,0.9999994,0.9999994,6.1391336e-07
f76e870646f12dd5dd708631038dd70b,PV_data/Cherry_(including_sour)___Powdery_mildew/a993dae5-7b74-4416-87eb-2eea9f3609c4___FREC_Pwd.M 4499.JPG,0,0,True,0.9998442,0.9998442,0.00015578378
f58d1080d8a9078f27d7a4b488327961,PV_data/Cherry_(including_sour)___Powdery_mildew/aa2deb62-4250-4a7d-957f-ec15e090780c___FREC_Pwd.M 4661.JPG,0,0,True,1.0,1.0,2.2382916e-09
e35ad0fa1f03996cb1af616f6b83cb11,PV_data/Cherry_(including_sour)___Powdery_mildew/ab82d02b-61e0-42d9-9366-17917cacfff0___FREC_Pwd.M 4776.JPG,0,0,True,0.9878032,0.9878032,0.012196752
38bbf4b7f78de4744b5624295e812539,PV_data/Cherry_(including_sour)___Powdery_mildew/ae11d51c-80f9-45bf-9cff-5bc6843b6404___FREC_Pwd.M 4560.JPG,0,0,True,0.9973278,0.9973278,0.0026721288
3f6b7f957bf4f441593987f70fb59d24,PV_data/Cherry_(including_sour)___Powdery_mildew/b136af29-b428-4b17-b9c8-b56d8fadb559___FREC_Pwd.M 0378.JPG,0,0,True,0.9999999,0.9999999,6.546488e-08
56888d877b57fb4ec9b44c71d8e04937,PV_data/Cherry_(including_sour)___Powdery_mildew/b18fa216-909e-4c91-b8ef-37bea97d45a0___FREC_Pwd.M 0273.JPG,0,0,True,0.99994886,0.99994886,5.1107956e-05
7ec3a7e078317ac1585c186e3cc2b485,PV_data/Cherry_(including_sour)___Powdery_mildew/b42d85e1-0707-4692-93a1-74b0465ef2ef___FREC_Pwd.M 4468.JPG,0,0,True,0.99993277,0.99993277,6.726611e-05
5c003c1ce7e4e2d3151f4a1eabff96b0,PV_data/Cherry_(including_sour)___Powdery_mildew/ba199443-ad8d-48a9-8fd6-c9a487f51f32___FREC_Pwd.M 0277.JPG,0,0,True,0.9999999,0.9999999,1.6347869e-07
9111543e4633542596a9544d01547a00,PV_data/Cherry_(including_sour)___Powdery_mildew/bc3b4287-ce7a-4ca1-bfa8-4812832fa00f___FREC_Pwd.M 0412.JPG,0,0,True,1.0,1.0,6.519496e-09
f17b4f629adcb272b0e0ea0180bd2851,PV_data/Cherry_(including_sour)___Powdery_mildew/bc9e8c02-680e-41c5-9368-7935b5f160aa___FREC_Pwd.M 4651.JPG,0,0,True,0.99987316,0.99987316,0.00012684318
a93ff345022df491671788cc9885cb4d,PV_data/Cherry_(including_sour)___Powdery_mildew/bd12f0aa-a242-420f-9811-dd75b1b5d6c0___FREC_Pwd.M 0456.JPG,0,0,True,1.0,1.0,9.001457e-10
515f0c18dcdfa9d6ab2291bd73d5eaa3,PV_data/Cherry_(including_sour)___Powdery_mildew/c11965f5-8920-4266-9f47-5dce992bd4c6___FREC_Pwd.M 4525.JPG,0,0,True,1.0,1.0,3.3976278e-08
534868a9ac2f35e6142618ab7dfcb1a0,PV_data/Cherry_(including_sour)___Powdery_mildew/c28e81c2-a058-4f06-935c-80ba96dd7d4c___FREC_Pwd.M 0534.JPG,0,0,True,0.99999213,0.99999213,7.867474e-06
92f0f2e208b5e82c7df2b77455646622,PV_data/Cherry_(including_sour)___Powdery_mildew/c820f802-f07d-4a7e-b9fd-183dacec6f0f___FREC_Pwd.M 0505.JPG,0,0,True,0.99999964,0.99999964,3.0470787e-07
38622f0b3bc714319fb366f0698be215,PV_data/Cherry_(including_sour)___Powdery_mildew/cb149e1b-f02f-4948-9058-ab06a9b7ab72___FREC_Pwd.M 4899.JPG,0,0,True,0.9999933,0.9999933,6.6215225e-06
a786b80569a1d27e00b73e892e99c2ac,PV_data/Cherry_(including_sour)___Powdery_mildew/ccd9f930-bf7f-4235-8aec-d191089efbb2___FREC_Pwd.M 0299.JPG,0,0,True,0.9998765,0.9998765,0.00012351277
2caa3f89d48893e2ea47daeb63977caf,PV_data/Cherry_(including_sour)___Powdery_mildew/cd612504-a6ca-484c-98fb-7d805b84f09c___FREC_Pwd.M 4856.JPG,0,0,True,0.99997747,0.99997747,2.2472805e-05
d1335cc883999a8533c685a0197fea33,PV_data/Cherry_(including_sour)___Powdery_mildew/d0632da1-03b6-43e5-9a31-0f24fe456428___FREC_Pwd.M 0536.JPG,0,0,True,0.99999964,0.99999964,3.3470047e-07
9010d649256a2d34d31a800258c598d0,PV_data/Cherry_(including_sour)___Powdery_mildew/d1ba4536-2485-4096-a4a9-b29ee62d05d6___FREC_Pwd.M 0344.JPG,0,0,True,0.999863,0.999863,0.00013700787
75b5da135d8d9ade3992fc2cba0ad198,PV_data/Cherry_(including_sour)___Powdery_mildew/d70696ef-e9b2-418a-b729-51b4abad93d1___FREC_Pwd.M 0274.JPG,0,0,True,0.9998666,0.9998666,0.0001334045
07f7fe534ed4e5b170ad9144e9e07f99,PV_data/Cherry_(including_sour)___Powdery_mildew/d8972cd7-999e-44c5-ac22-5ef2d595cd83___FREC_Pwd.M 4658.JPG,0,0,True,1.0,1.0,1.8873414e-09
ce932ce531f64740822198301f9559a1,PV_data/Cherry_(including_sour)___Powdery_mildew/dbc6fcd8-790e-47fd-816f-4113a1754166___FREC_Pwd.M 4809.JPG,0,0,True,1.0,1.0,1.1550767e-08
313af66d68409e4bb18c9a71105085b7,PV_data/Cherry_(including_sour)___Powdery_mildew/e00332a5-dd41-4381-9ed4-1f3d8b9a9ed9___FREC_Pwd.M 4555.JPG,0,0,True,0.99944896,0.99944896,0.00055104314
4df70307ad7c8f839e58b49a82495342,PV_data/Cherry_(including_sour)___Powdery_mildew/e0418659-4eae-4751-9e5f-6316d2bfaf46___FREC_Pwd.M 0409.JPG,0,0,True,0.9999999,0.9999999,1.462041e-07
12169a2059516865c17ba36ba42cae13,PV_data/Cherry_(including_sour)___Powdery_mildew/e2a982d2-166f-4e9c-a869-50f52dce5315___FREC_Pwd.M 4973.JPG,0,0,True,1.0,1.0,2.8300864e-09
f9a947fccec63ecd7e23f972744f9a9c,PV_data/Cherry_(including_sour)___Powdery_mildew/e5914945-129f-4862-836e-0866309dc6b1___FREC_Pwd.M 4989.JPG,0,0,True,0.99999964,0.99999964,3.00529e-07
31aa4845b494e7e932ebead10b5f86ac,PV_data/Cherry_(including_sour)___Powdery_mildew/e6848849-e8d5-4703-8595-c4eef77bf5ea___FREC_Pwd.M 0446.JPG,0,0,True,1.0,1.0,4.6525335e-09
87230b84aad4539fa40b30b1815264c7,PV_data/Cherry_(including_sour)___Powdery_mildew/e79eda22-9c31-4e34-87e1-e1c9ae2d6449___FREC_Pwd.M 4988.JPG,0,0,True,0.9999999,0.9999999,8.703843e-08
69245bef416bbb44befcf0522f97754c,PV_data/Cherry_(including_sour)___Powdery_mildew/e97b9522-a04c-4b63-9062-8b857022509d___FREC_Pwd.M 0544.JPG,0,0,True,0.999997,0.999997,3.0063848e-06
39d0be91987f03b2eea8b1f607558b63,PV_data/Cherry_(including_sour)___Powdery_mildew/e97f7a3c-aa95-4861-9f61-857920dd888a___FREC_Pwd.M 4944.JPG,0,0,True,0.99999976,0.99999976,2.619402e-07
4a4425ce492bbf4e47c5723497410c18,PV_data/Cherry_(including_sour)___Powdery_mildew/eaea7f6e-6e58-4e62-8c90-05ec3ebfee4b___FREC_Pwd.M 5108.JPG,0,0,True,0.99999785,0.99999785,2.1955273e-06
cf772bb48f79ac3fd736e438fca60c59,PV_data/Cherry_(including_sour)___Powdery_mildew/ec5335a1-204b-4db7-86b2-1dec53bc4be8___FREC_Pwd.M 4638.JPG,0,0,True,0.9999987,0.9999987,1.3165269e-06
27653f41348b0acbee5adc3ff02b5261,PV_data/Cherry_(including_sour)___Powdery_mildew/ed259920-d6b8-4023-bc7b-b37c371a7b85___FREC_Pwd.M 4789.JPG,0,0,True,0.99999976,0.99999976,1.8653742e-07
da47dfe1116294e1edeb76133835bbad,PV_data/Cherry_(including_sour)___Powdery_mildew/edfe5673-2ddd-4908-ba5f-692bf590952c___FREC_Pwd.M 4693.JPG,0,0,True,0.99999833,0.99999833,1.6550276e-06
503364558718560028eefbafeac58363,PV_data/Cherry_(including_sour)___Powdery_mildew/f34e2369-095d-45a6-8407-0272da9aeaef___FREC_Pwd.M 4920.JPG,0,0,True,0.9999602,0.9999602,3.9769366e-05
3c982a3a2cfd7c22c56fe9d4e3c905a0,PV_data/Cherry_(including_sour)___Powdery_mildew/f38f68c9-d944-4308-89f3-d77eae66da95___FREC_Pwd.M 4692.JPG,0,0,True,0.9999999,0.9999999,1.5407926e-07
c185bbf47c0f750015a8b2918f0f99d0,PV_data/Cherry_(including_sour)___Powdery_mildew/f4945a45-108e-44d3-926c-969a538ec7e7___FREC_Pwd.M 4470.JPG,0,0,True,1.0,1.0,1.2092338e-08
59da826a54679da8e0fef9b25aceb3a8,PV_data/Cherry_(including_sour)___Powdery_mildew/f4e8883a-b92b-449c-9f9f-447bc9b288c6___FREC_Pwd.M 4893.JPG,0,0,True,0.99999964,0.99999964,3.2809567e-07
c8a380d44d54bdab987d7cff01fdf394,PV_data/Cherry_(including_sour)___Powdery_mildew/f5ad64c9-d9ee-40be-9bbf-452adc290ea4___FREC_Pwd.M 4558.JPG,0,0,True,0.9999995,0.9999995,4.4229571e-07
4464478a6274b553fc9190347912d714,PV_data/Cherry_(including_sour)___Powdery_mildew/fc524b6b-01c6-42d8-9c5c-0d9bec5ba194___FREC_Pwd.M 4522.JPG,0,0,True,0.9999999,0.9999999,9.555454e-08
adbf70f24a070beb47e0962b831a0d70,PV_data/Cherry_(including_sour)___Powdery_mildew/fd7fbe5c-d234-4c16-b587-faed3407e2dd___FREC_Pwd.M 0474.JPG,0,0,True,1.0,1.0,1.0558998e-12
648b884ff3c381f395cf921d97cd7a81,PV_data/Cherry_(including_sour)___Powdery_mildew/fd8d4072-e0b3-4936-95c2-e2d6dc6d22b0___FREC_Pwd.M 0250.JPG,0,0,True,0.99999833,0.99999833,1.6593849e-06
43887a3ade523cc9b1d2cc9917322669,PV_data/Cherry_(including_sour)___Powdery_mildew/fff3ae4b-4bce-4b7a-b53c-98c482d9d8fd___FREC_Pwd.M 0414.JPG,0,0,True,0.9999988,0.9999988,1.1936966e-06
6b30b8fe2c16268b2cf32e1ccdc0af4e,PV_data/Cherry_(including_sour)___Powdery_mildew/fffc6a5c-66f3-4d73-afd2-84862fb83c4f___FREC_Pwd.M 5085.JPG,0,0,True,0.9999963,0.9999963,3.690216e-06
41fad8a23f66823d1181eddd202c4eb8,PV_data/Cherry_(including_sour)___healthy/02d14b15-897d-4081-8953-e7d83189cff4___JR_HL 9723.JPG,1,1,True,0.9999994,6.174952e-07,0.9999994
a99f147354be32b02be136a2dd85db58,PV_data/Cherry_(including_sour)___healthy/06904803-b778-4d54-b7ac-fd3f28cc82d9___JR_HL 9820.JPG,1,1,True,0.9999726,2.7367854e-05,0.9999726
b398329613ea86872200efc58d8392d9,PV_data/Cherry_(including_sour)___healthy/0b2ed0b4-a6e1-4fb3-82dc-47f903f3d0a9___JR_HL 9603.JPG,1,1,True,0.9952717,0.0047282907,0.9952717
4117449a92cbd81a96c9f1be545ee4d8,PV_data/Cherry_(including_sour)___healthy/11c2887d-1fea-4cf8-8696-325de8aad74a___JR_HL 9890.JPG,1,1,True,0.99983335,0.00016668139,0.99983335
1d6afc4e2ad62315db6fcde98e2408f9,PV_data/Cherry_(including_sour)___healthy/161f9887-e025-4980-a2c3-811067f4b546___JR_HL 9698.JPG,1,1,True,0.9999913,8.705769e-06,0.9999913
93369c22a6b07e33207ede6e0ba81737,PV_data/Cherry_(including_sour)___healthy/167f246d-d93a-4a00-bcb0-5b189400a0ee___JR_HL 9547.JPG,1,1,True,0.9999664,3.361743e-05,0.9999664
2c0165e0a01432e3de3af806aa093e16,PV_data/Cherry_(including_sour)___healthy/16952b2d-daf9-47c6-b15e-c2c465bd5cf0___JR_HL 9882.JPG,1,1,True,0.99997246,2.7529415e-05,0.99997246
beaae63334efb495f822a46c9f937b11,PV_data/Cherry_(including_sour)___healthy/170d5af5-538b-4cf3-b344-de385bc254f8___JR_HL 4149.JPG,1,1,True,0.99987125,0.00012872045,0.99987125
3d5b91542030bb8ed2c2941e9d832848,PV_data/Cherry_(including_sour)___healthy/17ced140-3575-471d-9a52-9d37a9e4fccd___JR_HL 4266.JPG,1,1,True,0.9991535,0.0008464483,0.9991535
d30f4cd9b3768fb6512feddff7e112a4,PV_data/Cherry_(including_sour)___healthy/1d191615-46d9-4aa2-92c8-781e01bfb5f5___JR_HL 3936.JPG,1,1,True,0.9999697,3.0279416e-05,0.9999697
66d410ae3afb9358adc9a9febade4a51,PV_data/Cherry_(including_sour)___healthy/23066177-8deb-44c9-8180-d38348f63c18___JR_HL 9492.JPG,1,1,True,0.99999547,4.57769e-06,0.99999547
e3172946a905a31a57d381ac4d9e4403,PV_data/Cherry_(including_sour)___healthy/25140b1a-d1c0-4ac1-866b-fbe396d2ae08___JR_HL 9855.JPG,1,1,True,0.9965257,0.0034742316,0.9965257
55b81f90746b00f6c60ba1abaf62f75c,PV_data/Cherry_(including_sour)___healthy/263640d8-3279-4568-998c-e98f6e991b44___JR_HL 9865.JPG,1,1,True,0.99989843,0.000101509824,0.99989843
6a201da1c6092fe2ea0b2805f100c15b,PV_data/Cherry_(including_sour)___healthy/263c668e-176b-4e17-8065-37083fb8607b___JR_HL 4146.JPG,1,1,True,0.99999607,3.9068395e-06,0.99999607
f7c5f993b57a2624f1aaf3a533eb58d8,PV_data/Cherry_(including_sour)___healthy/2861b3da-c5e4-4aeb-8f1e-0d1861bf50c1___JR_HL 9829.JPG,1,1,True,0.9999963,3.6408849e-06,0.9999963
ab0245664c498341b8f1bc3f9631dab6,PV_data/Cherry_(including_sour)___healthy/28821198-5ac9-45e1-a5d7-37d58258a58a___JR_HL 9543.JPG,1,1,True,0.9976046,0.002395355,0.9976046
1aa57e6dfb8be9737c314f685b883ea4,PV_data/Cherry_(including_sour)___healthy/2a6bbbff-5bde-487c-9c10-1d3df43dba4f___JR_HL 4105.JPG,1,1,True,0.9999994,6.462092e-07,0.9999994
82f6c4035c7b11388197150200560eca,PV_data/Cherry_(including_sour)___healthy/2c6f17e3-1e18-49e6-8e8f-094f2ef3b5c7___JR_HL 9463.JPG,1,1,True,0.99998474,1.5260623e-05,0.99998474
4eab54968aad6e61ec392449823f7075,PV_data/Cherry_(including_sour)___healthy/2e931d34-fb49-4e1b-9f1f-3f20d163c624___JR_HL 9672.JPG,1,1,True,0.9993725,0.0006274314,0.9993725
90fdd9e9454bf8322a0c9bcab39871f3,PV_data/Cherry_(including_sour)___healthy/2f4df59e-0a8a-42b7-8e1c-e39fa82bfb2d___JR_HL 9778.JPG,1,1,True,0.9998026,0.00019733114,0.9998026
2fed2d0a29ed82ae7475cbc33e0cb936,PV_data/Cherry_(including_sour)___healthy/2fcace57-26cb-485b-aff6-dbf4bae23ceb___JR_HL 9583.JPG,1,1,True,0.9999603,3.9678678e-05,0.9999603
96860089b9a1fb703f4eb9217faa278e,PV_data/Cherry_(including_sour)___healthy/334e9c97-03ce-4ad6-96dc-16c92578d63d___JR_HL 9525.JPG,1,1,True,0.9999813,1.8765237e-05,0.9999813
f55589af6ce367c17d7f56706b093dac,PV_data/Cherry_(including_sour)___healthy/344ccdfc-3269-4b18-aeb8-a57fbd8b5de3___JR_HL 9541.JPG,1,1,True,0.99998546,1.45662425e-05,0.99998546
b6410f58c4f95b1881ccba90c38cbd7f,PV_data/Cherry_(including_sour)___healthy/34e05c4f-6742-442e-884e-ef3191eb923b___JR_HL 4049.JPG,1,1,True,0.99999714,2.8229636e-06,0.99999714
06b039e1846f575d08a7c729c1f30572,PV_data/Cherry_(including_sour)___healthy/366da366-4749-4815-b834-059c52d39160___JR_HL 9883.JPG,1,1,True,0.9999957,4.3130253e-06,0.9999957
86fb591a0d4e2e59bd7cf45866f5cd12,PV_data/Cherry_(including_sour)___healthy/3a13074d-d44e-42a8-afad-c42b5c3ea28f___JR_HL 9709.JPG,1,1,True,0.99992824,7.1714174e-05,0.99992824
15fa43b6f53c40ad1e57f2e7a7536c6c,PV_data/Cherry_(including_sour)___healthy/3ab90983-46ea-47bd-b127-e6beae597d92___JR_HL 9500.JPG,1,1,True,1.0,3.5134658e-08,1.0
a487376ee9143bd3c4abca2160d57188,PV_data/Cherry_(including_sour)___healthy/3c96ff43-4d86-4bfd-a450-b4a4ad398c2d___JR_HL 9862.JPG,1,1,True,0.99969226,0.00030766765,0.99969226
a5ea8f6c210c45b12faa96c81bebcf52,PV_data/Cherry_(including_sour)___healthy/3cf3d581-3abf-4730-b518-8414b20d1104___JR_HL 9539.JPG,1,1,True,0.99995494,4.510439e-05,0.99995494
23ff072de7e983a934495823a86f543f,PV_data/Cherry_(including_sour)___healthy/3d03a275-5710-44b3-8425-881636594b9e___JR_HL 4054.JPG,1,1,True,0.9984888,0.0015111954,0.9984888
ff484d3a1f2d7312bedd4a7bf17054b6,PV_data/Cherry_(including_sour)___healthy/3e01a27d-037d-4bf8-81ee-c2ee958ebfec___JR_HL 9615.JPG,1,1,True,0.9999993,7.5271333e-07,0.9999993
03b14effac1b389d5d69dfb930217a33,PV_data/Cherry_(including_sour)___healthy/3e74368a-4e0c-4b68-babd-7d09ce166cee___JR_HL 9452.JPG,1,1,True,0.99996054,3.951525e-05,0.99996054
13c3480d46ea74eb4b1a489bbd03f488,PV_data/Cherry_(including_sour)___healthy/3fd29c90-f9b4-466b-9e10-a64c335ea6a0___JR_HL 4111.JPG,1,1,True,0.9993745,0.0006254796,0.9993745
f1bfd6b8d3659971e0913a22c0046eb3,PV_data/Cherry_(including_sour)___healthy/3ff5632a-e0bd-4247-a6d6-7684984c430a___JR_HL 4055.JPG,1,1,True,0.9999981,1.9124313e-06,0.9999981
072e382473251c73efbce6c875556a05,PV_data/Cherry_(including_sour)___healthy/4324591b-b9e1-4fb8-a231-a2b42fab0e8d___JR_HL 9773.JPG,1,1,True,0.9998969,0.00010311942,0.9998969
173a2380388b85d33b8c9ad30e031b84,PV_data/Cherry_(including_sour)___healthy/456af412-3d01-4046-b2a7-1283a2121d07___JR_HL 9498.JPG,1,1,True,0.9999987,1.3373423e-06,0.9999987
eaec9ae5f4a0d757c2174b1135d699ef,PV_data/Cherry_(including_sour)___healthy/45be9375-1fe5-4a36-9e7e-9accc0f3b275___JR_HL 9473.JPG,1,1,True,1.0,3.7558706e-08,1.0
dca68cf2a407f1cedbc49a6c76c1e2f3,PV_data/Cherry_(including_sour)___healthy/472fd482-aec7-4e73-86d1-7161f6a5024b___JR_HL 4178.JPG,1,1,True,0.9972475,0.0027524042,0.9972475
1d906bb71d4d3a6b0c532835202499bf,PV_data/Cherry_(including_sour)___healthy/4998a03a-2eca-4b0f-9c66-bdb616b88076___JR_HL 4154.JPG,1,1,True,0.99999356,6.437834e-06,0.99999356
bb1815e2fc3db795ccb830cc803f1fa4,PV_data/Cherry_(including_sour)___healthy/4a4c92aa-54e7-4a06-a18c-a399fcc4a649___JR_HL 4064.JPG,1,1,True,0.99996614,3.3801916e-05,0.99996614
0afa3b3260c0e6393940c22407b311ae,PV_data/Cherry_(including_sour)___healthy/4b59856f-7264-4328-a7a3-0a84649f8e89___JR_HL 9642.JPG,1,1,True,0.99994254,5.7443995e-05,0.99994254
b16a015405e4290ef414710e3ab68f7d,PV_data/Cherry_(including_sour)___healthy/4c37781d-f013-4426-a394-3e48b30bf88a___JR_HL 4027.JPG,1,1,True,0.99997544,2.4516296e-05,0.99997544
f78b896b3fca6a3fe8f4744dbb851d04,PV_data/Cherry_(including_sour)___healthy/4ccaaa5f-1624-4144-b079-21f64c7bd781___JR_HL 9631.JPG,1,1,True,0.99999547,4.5584e-06,0.99999547
c4eccdb29f04578411ebd97cb5d1d874,PV_data/Cherry_(including_sour)___healthy/4ec2d760-cc99-4368-b94d-637022f8ea12___JR_HL 9538.JPG,1,1,True,0.99991393,8.604511e-05,0.99991393
765e8d934e62b1b5a0e04491bd966d9f,PV_data/Cherry_(including_sour)___healthy/50e00976-7b86-4fe4-b413-dc7f6d82694f___JR_HL 3953.JPG,1,1,True,0.98789257,0.012107433,0.98789257
bdad19acc93582043f39c72bbc2001d1,PV_data/Cherry_(including_sour)___healthy/5248fd97-c794-4d16-b797-957d851da129___JR_HL 9892 copy.JPG,1,1,True,0.99944955,0.000550502,0.99944955
df0e459135f03e5d3b7ffc82d619ea13,PV_data/Cherry_(including_sour)___healthy/546e460b-681e-48a3-b05f-4c9aa3a3b2b1___JR_HL 9604.JPG,1,1,True,0.99996674,3.3208144e-05,0.99996674
1d84b7e10d6ca8784e12d4c9b7543faf,PV_data/Cherry_(including_sour)___healthy/57d4402b-e444-4702-86af-f18b6f5bd705___JR_HL 9725.JPG,1,1,True,0.9999962,3.8513576e-06,0.9999962
cce1330d7e49d392e6de8a8bae6f12e7,PV_data/Cherry_(including_sour)___healthy/58a35a59-b63b-446e-a405-8e2e50f28b14___JR_HL 3930.JPG,1,1,True,0.9998219,0.00017805128,0.9998219
ef0db7215c07de31d0b0ee85b77a8835,PV_data/Cherry_(including_sour)___healthy/5e30c4df-ee7c-4771-9cb9-29cf2917df78___JR_HL 9737.JPG,1,1,True,0.99999416,5.8618307e-06,0.99999416
ba00a87fe79d97b568701f8376d2bbd8,PV_data/Cherry_(including_sour)___healthy/5f3d0eae-f30c-46b6-8611-1b524b087186___JR_HL 9602.JPG,1,1,True,0.9999964,3.5369499e-06,0.9999964
e37267247180fb76e3b39e98dc424c85,PV_data/Cherry_(including_sour)___healthy/6252a6cd-23cf-495c-b452-518100eb243c___JR_HL 4155.JPG,1,1,True,0.99990237,9.762748e-05,0.99990237
3f044927ed8ebe85cdc11415ab76acc1,PV_data/Cherry_(including_sour)___healthy/68734aec-344c-4cdf-88ea-404d8cd90889___JR_HL 9625.JPG,1,1,True,0.9999907,9.357753e-06,0.9999907
5cfb893ef7f876c5b48b3b0225623268,PV_data/Cherry_(including_sour)___healthy/69de380a-4fd8-4c50-bdff-a983495dcd8c___JR_HL 4175.JPG,1,1,True,0.9999566,4.3376378e-05,0.9999566
0783786920649fee7cdb538f3f911c12,PV_data/Cherry_(including_sour)___healthy/6aa34cd7-a976-4cd5-9ec4-580f622d4de7___JR_HL 9558.JPG,1,1,True,0.9999989,1.0347012e-06,0.9999989
7951cc39c0918f48af2c11a5db9b1cac,PV_data/Cherry_(including_sour)___healthy/6ae3fb47-fad5-4167-b106-782bc5ef68d6___JR_HL 9513.JPG,1,1,True,0.99994004,6.0002545e-05,0.99994004
35171ec605e6cf0e92921ed560ed2c59,PV_data/Cherry_(including_sour)___healthy/6b986cad-78b2-4aad-a713-5dc2e87a2d1a___JR_HL 9614.JPG,1,1,True,0.99999857,1.4453373e-06,0.99999857
449538668bb9e6b77bfe0a50bb56de57,PV_data/Cherry_(including_sour)___healthy/6be7d4c3-bd76-4d4d-b22a-59d3095384e9___JR_HL 4122.JPG,1,1,True,0.999041,0.00095889636,0.999041
4d90969acc32bb06f469a84136032390,PV_data/Cherry_(including_sour)___healthy/6e825c91-1907-4ad8-8ae4-50962f2b1b15___JR_HL 9877 copy.JPG,1,1,True,0.99921787,0.00078217185,0.99921787
9b4aba7dfef7e5f16b97dc27eaf683fa,PV_data/Cherry_(including_sour)___healthy/70bab855-a953-4713-bd17-fd45933c90a0___JR_HL 9667.JPG,1,1,True,0.99992526,7.4684816e-05,0.99992526
2dcfd8c0fbdf6059655a9ad248352090,PV_data/Cherry_(including_sour)___healthy/71226c5a-bc1f-4257-9369-506e32147cea___JR_HL 4169.JPG,1,1,True,0.99998224,1.7791697e-05,0.99998224
2f0de5c91a9971d704dbee7d53fb314a,PV_data/Cherry_(including_sour)___healthy/744ca065-3894-4cb9-83c2-33a6f46bbd39___JR_HL 4143.JPG,1,1,True,0.99998546,1.4528257e-05,0.99998546
4eb461a3ad906d8699f2d36c9d69f780,PV_data/Cherry_(including_sour)___healthy/76e3298c-998d-4bce-956a-f8812315e1d6___JR_HL 3979.JPG,1,1,True,0.9999968,3.252214e-06,0.9999968
2d9a3f9a7b8b95ae28d1a21940c9549c,PV_data/Cherry_(including_sour)___healthy/7849f661-8a45-4a10-bda1-9d382f576517___JR_HL 9775.JPG,1,1,True,0.99856615,0.0014338326,0.99856615
6ab1887ce82243471d80a8f6dcdccb48,PV_data/Cherry_(including_sour)___healthy/791a7d36-49d2-4b61-8fc9-bfab404a9124___JR_HL 9456.JPG,1,1,True,0.99537635,0.004623642,0.99537635
00008b3e6af6a5d31a05f2734a0e7ddd,PV_data/Cherry_(including_sour)___healthy/7ad0e6bd-a9b8-475d-b2dc-d9c62a55db89___JR_HL 9728.JPG,1,1,True,0.9998336,0.00016635968,0.9998336
b5313dcd02ce58ab15cb167cc27037ac,PV_data/Cherry_(including_sour)___healthy/7bb5ebf4-8be6-4652-913c-519b58a34821___JR_HL 9758.JPG,1,1,True,0.9999826,1.7460681e-05,0.9999826
5d3cf0bccf99813e1d6e94c7edc6a50c,PV_data/Cherry_(including_sour)___healthy/7f710769-1940-4fff-92a6-e3ec5f073296___JR_HL 9852.JPG,1,1,True,0.9998188,0.00018115931,0.9998188
a0cb91e8e5e47b9c5c4527bb830c2dd3,PV_data/Cherry_(including_sour)___healthy/7f81c242-b95a-402c-998d-0f4575b13283___JR_HL 9481.JPG,1,1,True,0.999729,0.00027097293,0.999729
751fda17676ea37ac92a15df264f2304,PV_data/Cherry_(including_sour)___healthy/83b7e714-c245-47ae-819d-9ab8dc1b170f___JR_HL 9477.JPG,1,1,True,0.9999572,4.2801355e-05,0.9999572
806a027e599cd10c980ad04f286dab0e,PV_data/Cherry_(including_sour)___healthy/871dddc4-1a16-4ad6-9990-301fed42974f___JR_HL 4223.JPG,1,1,True,0.9999703,2.9692417e-05,0.9999703
d9a3f1a68016bdbd58ca60c9cbe29717,PV_data/Cherry_(including_sour)___healthy/8aacd48c-7710-4171-9738-7105a075cf22___JR_HL 4227.JPG,1,1,True,0.9999205,7.9509526e-05,0.9999205
6f2a62bb1ee5ec04c4fd0914dc4aa1ec,PV_data/Cherry_(including_sour)___healthy/8ac70f19-6342-48f6-a6f7-06c8723faacf___JR_HL 9515.JPG,1,1,True,0.9999062,9.384008e-05,0.9999062
1f143caff5cd6ad55ae5b8af6383f6b7,PV_data/Cherry_(including_sour)___healthy/8c2ca351-4aeb-4da9-9e5b-8905509cf148___JR_HL 9683.JPG,1,1,True,0.99996555,3.4427092e-05,0.99996555
e607cb44c15116573dadb51c3ecd3ab7,PV_data/Cherry_(including_sour)___healthy/8ec0aedd-663e-4e7a-a7ff-44af0740a2dd___JR_HL 4251.JPG,1,1,True,0.9881364,0.011863649,0.9881364
c5972d554d26fec647a5a0c895cc0900,PV_data/Cherry_(including_sour)___healthy/8ef7ac77-0588-4028-a31f-d6a5d3cded70___JR_HL 9471.JPG,1,1,True,0.99998486,1.5140998e-05,0.99998486
49fadd7574885ba6a2cd2230a347dd42,PV_data/Cherry_(including_sour)___healthy/90cf84c2-0bca-4c08-a873-65ccfb87ed24___JR_HL 9733.JPG,1,1,True,0.99163145,0.00836857,0.99163145
26452fd92dae4b1576977ac1120863e1,PV_data/Cherry_(including_sour)___healthy/92da1286-a52e-4ceb-bb92-2a6eba988a14___JR_HL 4177.JPG,1,1,True,0.9999969,3.0745864e-06,0.9999969
f5fa12fc81c72731d06f5b2b2c29f894,PV_data/Cherry_(including_sour)___healthy/94070a24-1b16-4696-b051-b01d4ca0b59a___JR_HL 4022.JPG,1,1,True,0.99997485,2.5171568e-05,0.99997485
9514cce31a5a5a0971737b7a5456d9b9,PV_data/Cherry_(including_sour)___healthy/9711cd2a-25f1-4e08-bb70-b5443d2ed94e___JR_HL 9432.JPG,1,1,True,0.99999917,8.227344e-07,0.99999917
321d0b6657d4884991824ea210948fe0,PV_data/Cherry_(including_sour)___healthy/988cce2b-7897-489d-b796-9a170e815785___JR_HL 9550.JPG,1,1,True,0.99997246,2.750517e-05,0.99997246
580fce4bd91b8a8d917a1eeffd994941,PV_data/Cherry_(including_sour)___healthy/993cc551-ec98-4764-9c65-dae36effba8b___JR_HL 4084.JPG,1,1,True,0.99953026,0.00046965762,0.99953026
9aa7acd3f0509d3c582e68689aa07cbc,PV_data/Cherry_(including_sour)___healthy/99418f88-7071-40ad-9d82-cc37c6199298___JR_HL 9479.JPG,1,1,True,0.9997633,0.00023671199,0.9997633
2179ced4afed569efb4c648a9f74c1e4,PV_data/Cherry_(including_sour)___healthy/9d97b274-fd09-41b0-bddb-0819b2f37ea9___JR_HL 9635.JPG,1,1,True,0.9910415,0.008958532,0.9910415
bbf7f9f79a3bcffce759d10796e4acf8,PV_data/Cherry_(including_sour)___healthy/a0b4d7a4-947b-4ca7-9984-88da24f41390___JR_HL 9468.JPG,1,1,True,0.9998294,0.00017061278,0.9998294
5a06e6ea6329e7a71a6bc007facb0bde,PV_data/Cherry_(including_sour)___healthy/a2196e0d-52fc-4194-8127-98076bd3a6fc___JR_HL 4241.JPG,1,1,True,0.99999785,2.1800752e-06,0.99999785
7955c963ec0b8bacf7a2c074e860d2e9,PV_data/Cherry_(including_sour)___healthy/a36fb3a6-f05b-4541-8617-6079781ea8ed___JR_HL 9831.JPG,1,1,True,0.9999747,2.5288095e-05,0.9999747
170e4ea5763ae66f698555cb060f50d4,PV_data/Cherry_(including_sour)___healthy/a3e1c4a1-22b9-4167-89c7-9a7889ad2c15___JR_HL 3922.JPG,1,1,True,0.9990243,0.0009757208,0.9990243
7b619c39c378f34501ba0efea2d7755a,PV_data/Cherry_(including_sour)___healthy/a5aafeac-4d2f-4bd2-835e-79506ec7e458___JR_HL 4228.JPG,1,1,True,0.9997941,0.0002058676,0.9997941
126e1276f862aae82a47d63e125f91f0,PV_data/Cherry_(including_sour)___healthy/a6562ee2-b37b-4734-9bf4-75da24f34bd1___JR_HL 4153.JPG,1,1,True,0.9978369,0.0021630803,0.9978369
5bcf3b9f6b9b3a4bd1525c0e206298e3,PV_data/Cherry_(including_sour)___healthy/ab3bea0d-8559-4f2b-ad4b-3dec4bc43036___JR_HL 9467.JPG,1,1,True,0.9999989,1.1015724e-06,0.9999989
35bd2ba3a50ed54288a229664d62e53f,PV_data/Cherry_(including_sour)___healthy/b560e9ca-bfee-4ffe-92ec-60391fcd3076___JR_HL 4039.JPG,1,1,True,0.9980902,0.0019097934,0.9980902
a8068c12188a229edd31f2d16b8a2972,PV_data/Cherry_(including_sour)___healthy/b6014a59-9818-4222-9a74-51cbbbcda57a___JR_HL 4020.JPG,1,1,True,0.9999926,7.3860556e-06,0.9999926
00af7f444dc350bd46166e896f4570f4,PV_data/Cherry_(including_sour)___healthy/b699f89c-87a3-4793-a721-60040fc42c4d___JR_HL 9659.JPG,1,1,True,0.9988462,0.0011538547,0.9988462
639bd74514f7734d0d528972c44387d6,PV_data/Cherry_(including_sour)___healthy/b9d61fe1-5b84-405b-a7ea-b3babaa5f516___JR_HL 3943.JPG,1,1,True,0.99999774,2.2814309e-06,0.99999774
889cdcc546d0c50545e2c86767861d3d,PV_data/Cherry_(including_sour)___healthy/ba0ab3c3-f12f-4fbd-875c-d68198c21f3a___JR_HL 9781.JPG,1,1,True,0.99999917,8.1470165e-07,0.99999917
3ae0513aa770e4c9fb49b668980a8622,PV_data/Cherry_(including_sour)___healthy/bbf21e80-e21f-4dcb-a3ae-de05529960ef___JR_HL 9526.JPG,1,1,True,0.9999567,4.3230517e-05,0.9999567
051a0a201a99efe01a969b3e563b045a,PV_data/Cherry_(including_sour)___healthy/bc47ca90-7317-4ad1-b424-7a346b9905e5___JR_HL 4109.JPG,1,1,True,0.9999707,2.9279186e-05,0.9999707
9240ec4386055d37b50f58c3c47f75da,PV_data/Cherry_(including_sour)___healthy/bd7c0e0a-394c-43a6-8c8d-9b0c5fb05416___JR_HL 9427.JPG,1,1,True,0.9999566,4.3402153e-05,0.9999566
d1d62d2bef7a436ed87b954c71179d7f,PV_data/Cherry_(including_sour)___healthy/c3c041f1-dac2-4110-ae56-1818774b4603___JR_HL 4208.JPG,1,1,True,0.99998355,1.6395474e-05,0.99998355
6f95ea1da1ca9c73008453aca9eccead,PV_data/Cherry_(including_sour)___healthy/c4720744-b5a7-4cb2-8d61-b4f42d03d035___JR_HL 9783.JPG,1,1,True,0.9998354,0.00016460853,0.9998354
edbc04302709f8f1559a51995695ca5d,PV_data/Cherry_(including_sour)___healthy/c4ef4ce3-b528-4cd8-8042-f23a980990c9___JR_HL 9668.JPG,1,1,True,0.9999199,8.006562e-05,0.9999199
bbe49771767e1fa4f78b01868186393e,PV_data/Cherry_(including_sour)___healthy/c64db855-ec89-47dd-bde3-245b122387d4___JR_HL 4170.JPG,1,1,True,0.9998398,0.0001601802,0.9998398
ede737c2444604708d98adc1be7583de,PV_data/Cherry_(including_sour)___healthy/c889dabb-e9dc-448c-80f3-791fea97fafd___JR_HL 9501.JPG,1,1,True,0.99969894,0.00030097424,0.99969894
348ecce677656b97d5e7fb47891bc3ba,PV_data/Cherry_(including_sour)___healthy/c8e672fc-6666-4290-ae5b-15301ead7109___JR_HL 9780.JPG,1,1,True,0.99382466,0.006175327,0.99382466
29c65e1439a33c3d42eea70223006e14,PV_data/Cherry_(including_sour)___healthy/cb82648e-af22-4475-894a-a215c8d8c09e___JR_HL 3976.JPG,1,1,True,0.99993646,6.3557876e-05,0.99993646
92c0776798933dced68d703287bf6959,PV_data/Cherry_(including_sour)___healthy/cf3bdc72-a14c-4b7e-a58d-48e0d7c4a582___JR_HL 9788.JPG,1,1,True,0.99896526,0.0010347655,0.99896526
3b165779a4b3a1f20eac27cfad67511b,PV_data/Cherry_(including_sour)___healthy/d1783f85-5cb9-4683-b493-4e9112749f23___JR_HL 9507.JPG,1,1,True,0.99979246,0.00020754995,0.99979246
c9eea48a971d8bead44b63172077e9ec,PV_data/Cherry_(including_sour)___healthy/d2407963-3cdb-44a8-afba-29cfd51ceec5___JR_HL 4316.JPG,1,1,True,0.99996364,3.6357367e-05,0.99996364
1cd0def7deab76c41b959fa1d3dae893,PV_data/Cherry_(including_sour)___healthy/d259c188-0c17-4199-aac1-5399903f74a3___JR_HL 4100.JPG,1,1,True,0.9999695,3.052254e-05,0.9999695
f1c240b8ea48dbd0c91eed132822b484,PV_data/Cherry_(including_sour)___healthy/d2fad1d0-4bcc-4617-8be6-5d07a56e1483___JR_HL 9747.JPG,1,1,True,0.9999932,6.7949477e-06,0.9999932
43b2bf9a5664be22ce80045d6e506c2d,PV_data/Cherry_(including_sour)___healthy/d620f22d-c209-4627-b2b4-cd8e65de8212___JR_HL 4037.JPG,1,1,True,0.99963605,0.0003639096,0.99963605
cf5f171383be25bc097e8e4e5b52acf1,PV_data/Cherry_(including_sour)___healthy/da28d492-ed69-4c2f-8359-2242b7e7e3f5___JR_HL 9848.JPG,1,1,True,0.99992585,7.410054e-05,0.99992585
11e520cb9799385b7a134a7cb5bfbb15,PV_data/Cherry_(including_sour)___healthy/e018791f-7887-4420-a1e3-174e43ed9085___JR_HL 9716.JPG,1,1,True,0.9994553,0.00054469664,0.9994553
8cbd9b77eaa2ac648630ef5efdd77821,PV_data/Cherry_(including_sour)___healthy/e0f4ea8e-63d9-4440-8330-82ac0e34f881___JR_HL 9799.JPG,1,1,True,0.9999908,9.220322e-06,0.9999908
9a8f86a2c131869916451553f56b9e51,PV_data/Cherry_(including_sour)___healthy/e1f1a0eb-b3df-4b1a-9af6-01c2472a4d0c___JR_HL 9472.JPG,1,1,True,0.99990225,9.7775155e-05,0.99990225
7cb9632b64059d5a696cd06b94bd18a4,PV_data/Cherry_(including_sour)___healthy/e4c7c7dc-cf01-41cc-86e6-d68552194785___JR_HL 4293.JPG,1,1,True,0.9559397,0.04406031,0.9559397
6cd4273eafb91b80967f44859976d2b6,PV_data/Cherry_(including_sour)___healthy/ea747458-cad6-409a-8de1-8fc2d5d83c25___JR_HL 9793.JPG,1,1,True,0.999405,0.00059495977,0.999405
bf8ff6d73f9bff7c34860046fb780160,PV_data/Cherry_(including_sour)___healthy/ea80c972-f1d3-43d5-86e1-8782988c6d02___JR_HL 9695.JPG,1,1,True,0.9999981,1.8880285e-06,0.9999981
816f5bf6eebbe79723bd7e6cf75cf77d,PV_data/Cherry_(including_sour)___healthy/eafefde7-3a21-4a76-bd73-1d20d6eee535___JR_HL 9628.JPG,1,1,True,0.99982846,0.0001715084,0.99982846
0f0f1e372c3f9baa990cf0f9a2ebac3c,PV_data/Cherry_(including_sour)___healthy/ed682229-adac-4051-87d4-2d8fa45c25c8___JR_HL 9514.JPG,1,1,True,0.9999876,1.2432038e-05,0.9999876
54eba52036eeb0ef1952e4b338d8e135,PV_data/Cherry_(including_sour)___healthy/edff0b53-bdab-4792-84b2-73deec567e67___JR_HL 9889 copy.JPG,1,1,True,0.9995846,0.0004153755,0.9995846
a5ca1364e4bffac077e2e4b12bed4b58,PV_data/Cherry_(including_sour)___healthy/eea5ee8e-b2a8-4116-94e4-63e573b1e63b___JR_HL 4264.JPG,1,1,True,0.999612,0.00038796215,0.999612
6add84b5ebdf7dfb932d865556a1ab8d,PV_data/Cherry_(including_sour)___healthy/ef018098-16b5-4b7d-828a-d9003376f24a___JR_HL 4108.JPG,1,1,True,0.9993468,0.00065319584,0.9993468
0305124ff51085419cb5e82e194fea19,PV_data/Cherry_(including_sour)___healthy/f2808c4d-e64c-4bbf-a1be-86f97247f2e7___JR_HL 9564.JPG,1,1,True,0.99994075,5.9187034e-05,0.99994075
014b65bbe4275f6f0695d92907a173da,PV_data/Cherry_(including_sour)___healthy/f94456da-a0d9-4dfc-80ed-0b2d597c5479___JR_HL 3997.JPG,1,1,True,0.99998033,1.9671352e-05,0.99998033
355369f328e67730a4654f2bbdbe2fda,PV_data/Cherry_(including_sour)___healthy/f9905e57-5799-4122-9626-d2e575e60389___JR_HL 9743.JPG,1,1,True,0.99998236,1.7597991e-05,0.99998236
e703247de44518d96dbcec8c51d4bb96,PV_data/Cherry_(including_sour)___healthy/feee45d9-e66f-499f-8ca9-e76881aa10ab___JR_HL 9756.JPG,1,1,True,0.99995506,4.4961e-05,0.99995506
